feature_name,canonical_column_name,legacy_aliases,registry_record_type,replacement_feature_name,feature_granularity,page_aggregation_rule,feature_layer,feature_group,primitive_or_composite,definition,formula,source_provenance,required_input,transformation,language_dependency,extraction_requirement,missing_value_meaning,topic_specificity,generalizability,leakage_status,expected_confounders,measurement_risks,recommended_model_role,feature_status,current_implementation_status,taxonomy_or_rule_version,qa_status,approved_for_model_v1,minimum_qa_gate,model_entry_blocker,validation_requirement,notes,registry_version
contact_access_signal,contact_access_signal,purchase_or_contact_signal,canonical,,page_level,page-level commerce signal from measured contact controls and text,commerce_general,commerce_action,derived_primitive,"Visible access to contact, enquiry, consultation, or request-information actions.",documented cross-industry contact-access primitives,provenance_aware_table_extraction,"contact links, forms, controls, and visible text",nullable_binary_or_categorical,medium,table extractor with verified measured/unmeasured state,NA means extraction evidence was unavailable; zero requires measured absence.,commerce,conditional,safe_pre_outcome,domain; template; page function; publisher type; extraction quality,"Responsive duplication, nested tables, spans, rendering, and missing extraction evidence.",commerce_extension,commerce_general_keep,planned_not_implemented,core_general_table_taxonomy_v1,pending_human_threshold,false,pending_human_threshold,extraction and aggregation QA not yet passed,"Validate extraction, aggregation, support, missingness, and redundancy before model entry.","Separate from purchase, subscription, and booking actions.",core_general_table_registry_schema_v2
transactional_action_signal,transactional_action_signal,purchase_or_contact_signal,canonical,,page_level,page-level commerce signal from measured action controls and text,commerce_general,commerce_action,derived_primitive,"Visible action to purchase, subscribe, book, enroll, or start a service.",documented cross-industry transactional-action primitives,provenance_aware_table_extraction,"page controls, links, forms, and visible text",nullable_binary_or_categorical,medium,table extractor with verified measured/unmeasured state,NA means extraction evidence was unavailable; zero requires measured absence.,commerce,conditional,safe_pre_outcome,domain; template; page function; publisher type; extraction quality,"Responsive duplication, nested tables, spans, rendering, and missing extraction evidence.",commerce_extension,commerce_general_keep,planned_not_implemented,core_general_table_taxonomy_v1,pending_human_threshold,false,pending_human_threshold,extraction and aggregation QA not yet passed,"Validate extraction, aggregation, support, missingness, and redundancy before model entry.",Separate from contact or enquiry access.,core_general_table_registry_schema_v2
purchase_or_contact_signal,purchase_or_contact_signal,,deprecated_alias,transactional_action_signal,registry_metadata,not_applicable,commerce_general,commerce_action,composite,"Visible action to buy, book, request, contact or start service.",versioned CTA primitives from content controls/text,html_dom_or_text,"buttons, forms, links and visible text",categorical_or_binary,high,DOM context and multilingual CTA rules,Missing means action structure was unavailable.,commerce,conditional,safe_pre_outcome,page function; template,Navigation CTAs and persistent headers create false positives.,deprecated_alias,diagnostic_only,legacy_implemented,core_general_content_features_v1,not_started,false,not_applicable,deprecated alias; use transactional_action_signal,Separate content CTA from global navigation.,,core_general_table_registry_schema_v2
commercial_offer_comparison_signal,commercial_offer_comparison_signal,product_comparison_signal,canonical,,page_level,page-level commerce signal from measured comparison structures,commerce_general,commerce_comparison,derived_primitive,"Comparison of products, services, providers, plans, or commercial offers.",documented commerce comparison primitives,provenance_aware_table_extraction,"comparison tables, headings, and page text",nullable_binary_or_score,medium,table extractor with verified measured/unmeasured state,NA means extraction evidence was unavailable; zero requires measured absence.,commerce,conditional,safe_pre_outcome,domain; template; page function; publisher type; extraction quality,"Responsive duplication, nested tables, spans, rendering, and missing extraction evidence.",commerce_extension,commerce_general_keep,planned_not_implemented,core_general_table_taxonomy_v1,pending_human_threshold,false,pending_human_threshold,extraction and aggregation QA not yet passed,"Validate extraction, aggregation, support, missingness, and redundancy before model entry.",Replaces the narrower product_comparison_signal name.,core_general_table_registry_schema_v2
product_comparison_signal,product_comparison_signal,,deprecated_alias,commercial_offer_comparison_signal,registry_metadata,not_applicable,commerce_general,commerce_comparison,composite,"Commercial comparison of products, plans or providers.",documented table/text comparison primitives,html_dom_or_text,comparison primitives,binary_or_score,high,reliable tables and multilingual rules,Missing means comparison evidence was unavailable.,commerce,conditional,safe_pre_outcome,page type; transactional intent,Editorial comparisons may overlap Core-General table structure.,deprecated_alias,diagnostic_only,legacy_implemented,core_general_content_features_v1,not_started,false,not_applicable,deprecated alias; use commercial_offer_comparison_signal,Validate commerce versus informational comparisons.,,core_general_table_registry_schema_v2
availability_signal,availability_signal,,canonical,,not_table_related,not_applicable,commerce_general,commerce_detail,composite,"Visible stock, booking, service or enrollment availability.",versioned cross-industry availability primitives,page_text_or_schema,text and structured data,categorical_or_binary,high,commerce schema/text parsing,Missing means availability could not be measured.,commerce,conditional,safe_pre_outcome,page type; current inventory,"Meaning differs for products, services and appointments.",commerce_extension,commerce_general_keep,planned_not_implemented,core_general_content_features_v1,not_started,false,pending_human_threshold,not yet reviewed for Core-General model v1,Validate separately by commerce subtype.,,core_general_table_registry_schema_v2
price_detail_score,price_detail_score,,canonical,,not_table_related,not_applicable,commerce_general,commerce_detail,composite,General price/currency/range/detail signal for commercial pages.,documented combination of price primitives only,page_text_or_tables,"currency, amount, range and price-label primitives",bounded_score,high,multilingual currency/price parser,Missing means content was unavailable; zero means measured absence.,commerce,conditional,safe_pre_outcome,commercial page type; market,Currency patterns and subscription prices vary by industry.,commerce_extension_focal,commerce_general_keep,planned_not_implemented,core_general_content_features_v1,not_started,false,pending_human_threshold,not yet reviewed for Core-General model v1,Split from unit terms; retain every price primitive and test dominance.,,core_general_table_registry_schema_v2
rating_review_signal,rating_review_signal,,canonical,,not_table_related,not_applicable,commerce_general,commerce_trust,composite,"Visible rating value, rating count or review structure.",documented components from schema and visible content,html_schema_and_text,ratings/reviews primitives,categorical_or_score,medium,schema and visible-content validation,Missing means review evidence was unavailable.,commerce,conditional,safe_pre_outcome,platform and product type,Self-published ratings may not be independent evidence.,commerce_extension,commerce_general_keep,planned_not_implemented,core_general_content_features_v1,not_started,false,pending_human_threshold,not yet reviewed for Core-General model v1,Preserve rating value/count/source primitives.,,core_general_table_registry_schema_v2
pricing_or_plan_table_count,pricing_or_plan_table_count,,canonical,,page_level,count(table_type_primary == pricing_or_plan),commerce_general,table_commerce,primitive,Page count of pricing_or_plan primary tables.,count(table_type_primary == pricing_or_plan),table_level_extraction,preserved HTML/Markdown table evidence,binary_or_count,medium,provenance-aware table extraction,NA means required table evidence was unmeasured; 0 is allowed only after verified absence.,commerce,conditional,safe_pre_outcome,domain; website template; page function; publisher type; extraction quality,"JavaScript rendering, flattened tables, responsive duplicates, and layout markup can alter measurement.",commerce_extension_only,commerce_general_keep,planned_not_implemented,core_general_table_taxonomy_v1,pending_human_threshold,false,pending_human_threshold,table extraction and classification QA not yet passed,Validate only on commercial samples; exclude from universal Core-General headline models.,Pricing and commerce structure may primarily identify commercial page function.,core_general_table_registry_schema_v2
table_has_availability,table_has_availability,,canonical,,table_level,max over measured tables; count tables satisfying condition in Commerce-General extension,commerce_general,table_commerce,primitive,"Table presents stock, booking, service, or enrollment availability.",1[validated availability structure],table_level_extraction,preserved HTML/Markdown table evidence,binary_or_count,medium,provenance-aware table extraction,NA means required table evidence was unmeasured; 0 is allowed only after verified absence.,commerce,conditional,safe_pre_outcome,domain; website template; page function; publisher type; extraction quality,"JavaScript rendering, flattened tables, responsive duplicates, and layout markup can alter measurement.",commerce_extension_only,commerce_general_keep,planned_not_implemented,core_general_table_taxonomy_v1,pending_human_threshold,false,pending_human_threshold,table extraction and classification QA not yet passed,Validate only on commercial samples; exclude from universal Core-General headline models.,Pricing and commerce structure may primarily identify commercial page function.,core_general_table_registry_schema_v2
table_has_commercial_offer_comparison,table_has_commercial_offer_comparison,,canonical,,table_level,max over measured tables; count tables satisfying condition in Commerce-General extension,commerce_general,table_commerce,primitive,"Table compares commercial offers, products, plans, or providers.",1[validated commercial comparison structure],table_level_extraction,preserved HTML/Markdown table evidence,binary_or_count,medium,provenance-aware table extraction,NA means required table evidence was unmeasured; 0 is allowed only after verified absence.,commerce,conditional,safe_pre_outcome,domain; website template; page function; publisher type; extraction quality,"JavaScript rendering, flattened tables, responsive duplicates, and layout markup can alter measurement.",commerce_extension_only,commerce_general_keep,planned_not_implemented,core_general_table_taxonomy_v1,pending_human_threshold,false,pending_human_threshold,table extraction and classification QA not yet passed,Validate only on commercial samples; exclude from universal Core-General headline models.,Pricing and commerce structure may primarily identify commercial page function.,core_general_table_registry_schema_v2
table_has_price,table_has_price,,canonical,,table_level,max over measured tables; count tables satisfying condition in Commerce-General extension,commerce_general,table_commerce,primitive,Table contains explicit price or currency details.,1[validated price detail in table cells],table_level_extraction,preserved HTML/Markdown table evidence,binary_or_count,medium,provenance-aware table extraction,NA means required table evidence was unmeasured; 0 is allowed only after verified absence.,commerce,conditional,safe_pre_outcome,domain; website template; page function; publisher type; extraction quality,"JavaScript rendering, flattened tables, responsive duplicates, and layout markup can alter measurement.",commerce_extension_only,commerce_general_keep,planned_not_implemented,core_general_table_taxonomy_v1,pending_human_threshold,false,pending_human_threshold,table extraction and classification QA not yet passed,Validate only on commercial samples; exclude from universal Core-General headline models.,Pricing and commerce structure may primarily identify commercial page function.,core_general_table_registry_schema_v2
table_has_pricing_plan,table_has_pricing_plan,,canonical,,table_level,max over measured tables; count tables satisfying condition in Commerce-General extension,commerce_general,table_commerce,primitive,"Table presents commercial plans, tiers, or packages.",1[validated plan/tier structure],table_level_extraction,preserved HTML/Markdown table evidence,binary_or_count,medium,provenance-aware table extraction,NA means required table evidence was unmeasured; 0 is allowed only after verified absence.,commerce,conditional,safe_pre_outcome,domain; website template; page function; publisher type; extraction quality,"JavaScript rendering, flattened tables, responsive duplicates, and layout markup can alter measurement.",commerce_extension_only,commerce_general_keep,planned_not_implemented,core_general_table_taxonomy_v1,pending_human_threshold,false,pending_human_threshold,table extraction and classification QA not yet passed,Validate only on commercial samples; exclude from universal Core-General headline models.,Pricing and commerce structure may primarily identify commercial page function.,core_general_table_registry_schema_v2
table_has_rating_or_review,table_has_rating_or_review,,canonical,,table_level,max over measured tables; count tables satisfying condition in Commerce-General extension,commerce_general,table_commerce,primitive,"Table presents ratings, review counts, or review summaries.",1[validated rating/review structure],table_level_extraction,preserved HTML/Markdown table evidence,binary_or_count,medium,provenance-aware table extraction,NA means required table evidence was unmeasured; 0 is allowed only after verified absence.,commerce,conditional,safe_pre_outcome,domain; website template; page function; publisher type; extraction quality,"JavaScript rendering, flattened tables, responsive duplicates, and layout markup can alter measurement.",commerce_extension_only,commerce_general_keep,planned_not_implemented,core_general_table_taxonomy_v1,pending_human_threshold,false,pending_human_threshold,table extraction and classification QA not yet passed,Validate only on commercial samples; exclude from universal Core-General headline models.,Pricing and commerce structure may primarily identify commercial page function.,core_general_table_registry_schema_v2
external_link_count,external_link_count,,canonical,,not_table_related,not_applicable,core_general,external_evidence,primitive,Count of content links to external root domains.,count(content href root_domain != source_root_domain),html_dom,resolved href destinations,count_or_log2,low,reliable HTML links and DOM context,"Missing means link destinations were unavailable, not zero.",general,high,safe_pre_outcome,domain template; page function,"Navigation, tracking and redirects distort destinations.",sensitivity,needs_extraction_fix,implemented_pending_qa,core_general_content_features_v1,not_started,false,pending_human_threshold,not yet reviewed for Core-General model v1,Preserve resolved hrefs and exclude navigation/footer links.,,core_general_table_registry_schema_v2
official_domain_link_count,official_domain_link_count,,canonical,,not_table_related,not_applicable,core_general,external_evidence,primitive,"Links to verified official, government, standards or institutional domains.",count(external links matching versioned official registry/rule),html_dom,resolved hrefs and domain-role registry,count_or_binary,medium,reliable links and versioned domain roles,Missing means links or roles were unavailable.,general,conditional,safe_pre_outcome,source authority; topic,Official-domain classification is imperfect and jurisdiction-specific.,sensitivity,needs_extraction_fix,planned_not_implemented,core_general_content_features_v1,not_started,false,pending_human_threshold,not yet reviewed for Core-General model v1,Document domain-role rules and manually validate across countries.,,core_general_table_registry_schema_v2
reference_language_count,reference_language_count,,canonical,,not_table_related,not_applicable,core_general,external_evidence,primitive,Count of visible citation/reference phrases.,count(versioned multilingual reference phrases),page_text,page text and phrase registry,count_or_density,high,multilingual versioned phrase rules,Missing means text was unavailable.,general,conditional,safe_pre_outcome,genre; language,Phrases may not correspond to actual external evidence.,diagnostic_or_sensitivity,needs_extraction_fix,implemented_partial,core_general_content_features_v1,not_started,false,pending_human_threshold,not yet reviewed for Core-General model v1,Validate phrase-to-link agreement; never label as verified evidence alone.,,core_general_table_registry_schema_v2
unique_external_domain_count,unique_external_domain_count,,canonical,,not_table_related,not_applicable,core_general,external_evidence,primitive,Unique external root domains linked from content.,nunique(external resolved root domains),html_dom,resolved external hrefs,count_or_log2,low,reliable HTML links,Missing means link destinations were unavailable.,general,high,safe_pre_outcome,page function; template,Affiliate and tracking redirects inflate domain variety.,sensitivity,needs_extraction_fix,implemented_partial,core_general_content_features_v1,not_started,false,pending_human_threshold,not yet reviewed for Core-General model v1,Canonicalize redirects and validate content-only links.,,core_general_table_registry_schema_v2
content_feature_available,content_feature_available,,canonical,,not_table_related,not_applicable,core_general,extraction_quality,primitive,Content features can be measured for the row/page.,1[required extraction fields measurable],scrape_and_parse,scrape/parse/extraction outputs,binary,low,documented availability rule,"False means unavailable, not feature absence.",general,high,safe_diagnostic,platform; blocking; JavaScript; page type,Availability is plausibly non-random.,G6_selection_diagnostic,diagnostic_only,legacy_implemented,core_general_content_features_v1,not_started,false,pending_human_threshold,not yet reviewed for Core-General model v1,"Audit availability by cited status, domain, taxonomy and language.",,core_general_table_registry_schema_v2
content_strength,content_strength,,canonical,,not_table_related,not_applicable,core_general,extraction_quality,composite,"Extraction strength, not writing quality.",versioned rule from text scope/length/quality signals,scrape_and_parse,content quality primitives,categorical,medium,documented quality rules,Missing means quality was not classified.,general,high,safe_diagnostic,platform; page type; domain technology,Can reflect page accessibility rather than content quality.,G5_covariate_and_restriction,diagnostic_only,legacy_implemented,core_general_content_features_v1,not_started,false,pending_human_threshold,not yet reviewed for Core-General model v1,"Run main model without mandatory control, then add covariate and strong-only sensitivity.",,core_general_table_registry_schema_v2
feature_extraction_text_scope,feature_extraction_text_scope,,canonical,,not_table_related,not_applicable,core_general,extraction_quality,primitive,"Whether features use full text, excerpt, metadata only or no text.",recorded extraction provenance,scrape_and_parse,text source provenance,categorical,low,provenance retained,Missing means provenance was not recorded.,general,high,safe_diagnostic,crawler and page technology,Scope labels may not guarantee complete main content.,G5B_G5C_diagnostic,diagnostic_only,legacy_implemented,core_general_content_features_v1,not_started,false,pending_human_threshold,not yet reviewed for Core-General model v1,Manually verify full-text-equivalent classification.,,core_general_table_registry_schema_v2
audit_scrape_gap_days,audit_scrape_gap_days,,canonical,,not_table_related,not_applicable,core_general,freshness,derived_primitive,Days between citation audit and content scrape.,date(scrape_timestamp) - date(audit_timestamp),audit_and_scrape_metadata,audit_timestamp and scrape_timestamp,continuous_or_bins,low,timestamps retained,Missing means one timestamp was unavailable.,general,high,safe_diagnostic,crawl scheduling,Does not measure actual page-change timing.,diagnostic_or_sensitivity,diagnostic_only,planned_not_implemented,core_general_content_features_v1,not_started,false,pending_human_threshold,not yet reviewed for Core-General model v1,Validate timestamp timezone and sign.,,core_general_table_registry_schema_v2
freshness_days,freshness_days,,canonical,,not_table_related,not_applicable,core_general,freshness,derived_primitive,Age of page publication/update at audit time.,audit_timestamp - best validated published/modified date,html_metadata_or_schema,audit timestamp and extracted date,continuous_or_bins,medium,reliable date extraction,Missing means no reliable page date was available.,general,conditional,safe_pre_outcome,page type; publisher,"Dates may refer to templates, events or updates.",diagnostic_or_sensitivity,refactor_needed,planned_not_implemented,core_general_content_features_v1,not_started,false,pending_human_threshold,not yet reviewed for Core-General model v1,Add date_extraction_quality and manual validation.,,core_general_table_registry_schema_v2
heading_count,heading_count,,canonical,,not_table_related,not_applicable,core_general,heading_structure,primitive,Count of preserved content headings.,count(H1-H6 content nodes),html_dom_or_markdown,heading nodes,count_or_prespecified_bins,medium,HTML tags or preserved Markdown headings,Missing means heading structure was unavailable.,general,high,safe_pre_outcome,domain template; page type; length,Navigation headings and flattened text bias counts.,focal_nonlinear,core_keep,implemented_partial,core_general_content_features_v1,not_started,false,pending_human_threshold,not yet reviewed for Core-General model v1,Separate content headings from navigation and check nonlinear support.,,core_general_table_registry_schema_v2
heading_depth,heading_depth,,canonical,,not_table_related,not_applicable,core_general,heading_structure,primitive,Maximum verified H1-H6 depth used in content.,max(level of content heading nodes),html_dom,H1-H6 nodes,count_or_bins,low,preserved HTML heading tags,Missing means tag depth was unavailable.,general,high,safe_pre_outcome,CMS template,Cannot be inferred reliably from flattened text.,candidate_focal,refactor_needed,planned_not_implemented,core_general_content_features_v1,not_started,false,pending_human_threshold,not yet reviewed for Core-General model v1,HTML-only validation across CMS platforms.,,core_general_table_registry_schema_v2
heading_hierarchy_consistency,heading_hierarchy_consistency,,canonical,,not_table_related,not_applicable,core_general,heading_structure,composite,Degree to which content headings follow a coherent hierarchy.,documented score from skipped levels; repeated H1; order,html_dom,ordered H1-H6 nodes,bounded_score,low,preserved ordered heading tags,Missing means hierarchy was unverifiable.,general,high,safe_pre_outcome,CMS template,Score formula can hide component behavior.,sensitivity,refactor_needed,planned_not_implemented,core_general_content_features_v1,not_started,false,pending_human_threshold,not yet reviewed for Core-General model v1,Retain skipped-level and repeated-H1 primitives; test component dominance.,,core_general_table_registry_schema_v2
question_heading_count,question_heading_count,,canonical,,not_table_related,not_applicable,core_general,heading_structure,primitive,Content headings phrased as visible questions.,count(question headings),html_dom_or_markdown,heading text,count_or_binary,high,preserved headings and language-specific question rules,Missing means headings were unavailable.,general,conditional,safe_pre_outcome,language; page type,Thai questions may omit question marks.,candidate_focal,core_keep,implemented_partial,core_general_content_features_v1,not_started,false,pending_human_threshold,not yet reviewed for Core-General model v1,Thai/English manual validation and segmentation confidence.,,core_general_table_registry_schema_v2
language,language,,canonical,,not_table_related,not_applicable,core_general,language_quality,primitive,Detected or source-provided page language.,versioned language detector plus metadata,page_text_and_metadata,page text and lang metadata,categorical,high,language detection evidence,Unknown means language could not be established.,general,high,safe_diagnostic,topic and market,Mixed-language pages and short excerpts reduce accuracy.,diagnostic_or_interaction_support,diagnostic_only,implemented_partial,core_general_content_features_v1,not_started,false,pending_human_threshold,not yet reviewed for Core-General model v1,"Validate Thai, English and mixed pages.",,core_general_table_registry_schema_v2
segmentation_confidence,segmentation_confidence,,canonical,,not_table_related,not_applicable,core_general,language_quality,primitive,Confidence or quality class for segmentation.,predefined validation-based confidence rule,feature_extraction,language and segmentation diagnostics,categorical,high,validated segmenter,Missing means confidence was not assessed.,general,high,safe_diagnostic,language and extraction scope,Uncalibrated confidence can mislead.,diagnostic_or_restriction,diagnostic_only,planned_not_implemented,core_general_content_features_v1,not_started,false,pending_human_threshold,not yet reviewed for Core-General model v1,Calibrate against manually segmented Thai/English samples.,,core_general_table_registry_schema_v2
segmentation_method,segmentation_method,,canonical,,not_table_related,not_applicable,core_general,language_quality,primitive,Sentence/token segmentation method used.,recorded algorithm/model version,feature_extraction,segmenter metadata,categorical,high,provenance recorded,Missing means segmentation provenance was lost.,general,high,safe_diagnostic,language,Different methods change structural counts.,diagnostic,diagnostic_only,planned_not_implemented,core_general_content_features_v1,not_started,false,pending_human_threshold,not yet reviewed for Core-General model v1,Record exact method and version for every row.,,core_general_table_registry_schema_v2
bullet_list_count,bullet_list_count,,canonical,,not_table_related,not_applicable,core_general,list_structure,primitive,Count of content bullet lists.,count(UL content nodes or validated Markdown lists),html_dom_or_markdown,list nodes,count_or_binary,low,preserved list structure,Missing means list structure was unavailable.,general,high,safe_pre_outcome,template; page type,Navigation menus may be counted as lists.,candidate_focal,refactor_needed,implemented_partial,core_general_content_features_v1,not_started,false,pending_human_threshold,not yet reviewed for Core-General model v1,Exclude navigation/footer lists using DOM context.,,core_general_table_registry_schema_v2
numbered_list_count,numbered_list_count,,canonical,,not_table_related,not_applicable,core_general,list_structure,primitive,Count of content ordered lists.,count(OL content nodes or validated Markdown lists),html_dom_or_markdown,list nodes,count_or_binary,low,preserved list structure,Missing means list structure was unavailable.,general,high,safe_pre_outcome,how-to page function,Numbered paragraphs may be false positives.,candidate_focal,refactor_needed,implemented_partial,core_general_content_features_v1,not_started,false,pending_human_threshold,not yet reviewed for Core-General model v1,Compare DOM and Markdown detection.,,core_general_table_registry_schema_v2
measurement_count,measurement_count,,canonical,,not_table_related,not_applicable,core_general,numeric_detail,primitive,Count of number-plus-unit measurements using a general unit registry.,count(general measurement patterns),page_text,page text and general unit registry,count_or_density,high,versioned cross-industry unit parser,Missing means text was unavailable.,general,conditional,safe_pre_outcome,industry mix; language,A unit dictionary can silently become vertical-specific.,candidate_component,refactor_needed,implemented_partial,core_general_content_features_v1,not_started,false,pending_human_threshold,not yet reviewed for Core-General model v1,Separate universal units from vertical extension registries.,,core_general_table_registry_schema_v2
number_token_count,number_token_count,,canonical,,not_table_related,not_applicable,core_general,numeric_detail,primitive,Count of numeric tokens in measurable content.,count(valid numeric tokens),page_text,page text,count,medium,language-aware number parsing,Missing means text was unavailable.,general,high,safe_pre_outcome,length; page type,"IDs, dates and navigation numbers inflate counts.",diagnostic_primitive,core_keep,legacy_implemented,core_general_content_features_v1,not_started,false,pending_human_threshold,not yet reviewed for Core-General model v1,Validate token classes and use with a preselected density/count form.,,core_general_table_registry_schema_v2
number_token_density,number_token_density,,canonical,,not_table_related,not_applicable,core_general,numeric_detail,derived_primitive,Numeric tokens normalized by measurable words.,1000 * number_token_count / word_count,page_text,number_token_count and word_count,density_per_1000_words,medium,measurable content and number parser,Missing means numerator or denominator was unavailable.,general,high,safe_pre_outcome,page type; language,Unstable on very short pages.,candidate_focal,core_keep,legacy_implemented,core_general_content_features_v1,not_started,false,pending_human_threshold,not yet reviewed for Core-General model v1,Set minimum word support; do not pair automatically with raw count.,,core_general_table_registry_schema_v2
percentage_count,percentage_count,,canonical,,not_table_related,not_applicable,core_general,numeric_detail,primitive,Count of percentage expressions.,count(percent patterns),page_text,page text,count_or_density,medium,multilingual regex/parser,Missing means text was unavailable.,general,high,safe_pre_outcome,topic; page type,Locale-specific formats may be missed.,candidate_component,core_keep,legacy_implemented,core_general_content_features_v1,not_started,false,pending_human_threshold,not yet reviewed for Core-General model v1,Validate Thai/English and decimal formats.,,core_general_table_registry_schema_v2
range_pattern_count,range_pattern_count,,canonical,,not_table_related,not_applicable,core_general,numeric_detail,primitive,Count of explicit numeric ranges.,count(number-range-number patterns),page_text,page text,count_or_density,medium,multilingual range parser,Missing means text was unavailable.,general,high,safe_pre_outcome,topic; page type,Hyphens and identifiers produce false positives.,candidate_component,core_keep,legacy_implemented,core_general_content_features_v1,not_started,false,pending_human_threshold,not yet reviewed for Core-General model v1,Validate punctuation and Thai range words.,,core_general_table_registry_schema_v2
year_count,year_count,,canonical,,not_table_related,not_applicable,core_general,numeric_detail,primitive,Count of plausible year expressions.,count(year patterns in approved range),page_text,page text,count_or_binary,low,measurable text,Missing means text was unavailable.,general,high,safe_pre_outcome,news/document page function,Model numbers can resemble years.,candidate_component,core_keep,legacy_implemented,core_general_content_features_v1,not_started,false,pending_human_threshold,not yet reviewed for Core-General model v1,Validate plausible-year range before freezing.,,core_general_table_registry_schema_v2
opening_summary_signal,opening_summary_signal,,canonical,,not_table_related,not_applicable,core_general,opening_structure,composite,Opening content provides a summary or direct orientation.,documented score from first content block primitives,page_text_or_blocks,opening content blocks,binary_or_score,high,reliable main-content ordering,Missing means opening content was unavailable.,general,conditional,safe_pre_outcome,page type; language,Keyword dictionaries can become topic-specific.,sensitivity,refactor_needed,implemented_partial,core_general_content_features_v1,not_started,false,pending_human_threshold,not yet reviewed for Core-General model v1,Freeze cross-industry multilingual rules and retain components.,,core_general_table_registry_schema_v2
log2_content_chars_plus1,log2_content_chars_plus1,,canonical,,not_table_related,not_applicable,core_general,page_length,derived_primitive,Alternative character-length measure.,log2(content_chars + 1),extracted_page_text,content_chars,log2,low,measurable page text,Unavailable means content was not measurable.,general,high,safe_pre_outcome,page type; domain template; extraction scope,HTML noise and script text may inflate characters.,sensitivity_alternative,sensitivity_only,legacy_implemented,core_general_content_features_v1,not_started,false,pending_human_threshold,not yet reviewed for Core-General model v1,Compare with word length; never include both automatically.,"Alternative to, not companion for, the primary length measure.",core_general_table_registry_schema_v2
log2_word_count_plus1,log2_word_count_plus1,,canonical,,not_table_related,not_applicable,core_general,page_length,derived_primitive,Primary page-length measure.,log2(word_count + 1),extracted_page_text,word_count,log2,medium,measurable page text,Unavailable means length was not measurable; never zero-fill.,general,high,safe_pre_outcome,page type; domain template; extraction scope,Truncation and boilerplate alter length.,focal_G1_G2,core_keep,legacy_implemented,core_general_content_features_v1,not_started,false,pending_human_threshold,not yet reviewed for Core-General model v1,Compare against full-text word counts and inspect tails.,Do not include jointly with log2_content_chars_plus1 without a collinearity justification.,core_general_table_registry_schema_v2
general_keyword_overlap,general_keyword_overlap,,canonical,,not_table_related,not_applicable,core_general,prompt_page_relevance,derived_primitive,General prompt-page token overlap without vertical dictionaries.,"documented overlap(prompt tokens, page tokens)",prompt_and_page_text,prompt and page text,bounded_overlap,high,multilingual tokenization and stopwords,Missing means prompt/page tokens were unavailable.,general,high,safe_no_answer,selection; language,Token overlap favors repeated wording over semantic relevance.,G2R_sensitivity,sensitivity_only,implemented_partial,core_general_content_features_v1,not_started,false,pending_human_threshold,not yet reviewed for Core-General model v1,Freeze stopwords and tokenizer before outcomes.,,core_general_table_registry_schema_v2
prompt_body_similarity,prompt_body_similarity,,canonical,,not_table_related,not_applicable,core_general,prompt_page_relevance,derived_primitive,Leakage-safe prompt-page-body similarity.,"predeclared similarity(prompt, measurable page body)",prompt_and_page_text,prompt text and page body/Markdown,bounded_similarity,high,reliable measurable text and versioned similarity,Missing means page body or prompt was unavailable.,general,high,safe_no_answer,surfaced-source selection; extraction scope,Excerpt/full-text differences alter relevance.,G2R_sensitivity,sensitivity_only,implemented_partial,core_general_content_features_v1,not_started,false,pending_human_threshold,not yet reviewed for Core-General model v1,Compare excerpt and full-text scores; never use answer text.,,core_general_table_registry_schema_v2
prompt_meta_similarity,prompt_meta_similarity,,canonical,,not_table_related,not_applicable,core_general,prompt_page_relevance,derived_primitive,Leakage-safe prompt-meta-description similarity.,"predeclared similarity(prompt, meta description)",prompt_and_metadata,prompt text and meta description,bounded_similarity,high,multilingual tokenizer or embedding,Missing means metadata was unavailable.,general,high,safe_no_answer,selection; page type,"Metadata can be templated, stale or absent.",G2R_sensitivity,sensitivity_only,planned_not_implemented,core_general_content_features_v1,not_started,false,pending_human_threshold,not yet reviewed for Core-General model v1,Version method and report metadata coverage.,,core_general_table_registry_schema_v2
prompt_page_relevance_score,prompt_page_relevance_score,,canonical,,not_table_related,not_applicable,core_general,prompt_page_relevance,composite,Combined leakage-safe prompt-page relevance score.,predeclared combination of URL/title/meta/body/overlap components,prompt_and_page,primitive relevance components,bounded_score,high,all selected components,Missing means required relevance components were unavailable.,general,conditional,safe_no_answer,surfaced-source selection,Composite may be dominated by body similarity and extraction scope.,G2R_sensitivity,sensitivity_only,legacy_implemented,core_general_content_features_v1,not_started,false,pending_human_threshold,not yet reviewed for Core-General model v1,Document weights; retain components; test dominance; never model with all components automatically.,,core_general_table_registry_schema_v2
prompt_title_similarity,prompt_title_similarity,,canonical,,not_table_related,not_applicable,core_general,prompt_page_relevance,derived_primitive,Leakage-safe prompt-title similarity.,"predeclared similarity(prompt, page title)",prompt_and_metadata,prompt text and page title,bounded_similarity,high,multilingual tokenizer or embedding,Missing means title or prompt was unavailable.,general,high,safe_no_answer,selection into surfaced sample,Language/model choice changes scores.,G2R_sensitivity,sensitivity_only,implemented_partial,core_general_content_features_v1,not_started,false,pending_human_threshold,not yet reviewed for Core-General model v1,Version similarity model and validate cross-language comparability.,,core_general_table_registry_schema_v2
prompt_url_similarity,prompt_url_similarity,,canonical,,not_table_related,not_applicable,core_general,prompt_page_relevance,derived_primitive,Leakage-safe similarity between prompt and decoded URL tokens.,"predeclared lexical similarity(prompt, URL tokens)",prompt_and_url,prompt text and normalized URL,bounded_similarity,high,multilingual tokenization,Missing means prompt or URL tokens were unavailable.,general,high,safe_no_answer,surfaced-source selection; topic,URL slugs can be sparse or transliterated.,G2R_sensitivity,sensitivity_only,planned_not_implemented,core_general_content_features_v1,not_started,false,pending_human_threshold,not yet reviewed for Core-General model v1,Freeze tokenizer and similarity method without outcome tuning.,,core_general_table_registry_schema_v2
faq_schema_present,faq_schema_present,,canonical,,not_table_related,not_applicable,core_general,qa_and_schema,primitive,FAQPage structured data is present.,1[FAQPage in JSON-LD/microdata/RDFa],html_structured_data,schema.org payload,binary,low,raw HTML structured data,Missing means structured data was not captured.,general,high,safe_pre_outcome,CMS/plugin use; page type,Schema can be stale or invisible to users.,candidate_focal_or_sensitivity,refactor_needed,planned_not_implemented,core_general_content_features_v1,not_started,false,pending_human_threshold,not yet reviewed for Core-General model v1,Validate parsed schema types against raw HTML.,,core_general_table_registry_schema_v2
visible_qa_structure,visible_qa_structure,,canonical,,not_table_related,not_applicable,core_general,qa_and_schema,composite,Visible paired question and answer structure.,documented rule from question heading and following answer block,html_dom_or_markdown,ordered content blocks,binary,high,block order and language rules,Missing means structure was unavailable.,general,conditional,safe_pre_outcome,support/FAQ page function,Question phrases alone do not prove Q&A structure.,candidate_focal,refactor_needed,implemented_partial,core_general_content_features_v1,not_started,false,pending_human_threshold,not yet reviewed for Core-General model v1,Retain question and answer primitives and validate multilingual pairs.,,core_general_table_registry_schema_v2
has_table,has_table,,deprecated_alias,has_verified_html_table,registry_metadata,not_applicable,core_general,table_compatibility,primitive,Deprecated broad table-presence compatibility field.,legacy pipeline table presence rule,legacy_mixed,preserved HTML/Markdown table evidence,binary_or_count,medium,provenance-aware table extraction,NA means required table evidence was unmeasured; 0 is allowed only after verified absence.,general,high,safe_pre_outcome,domain; website template; page function; publisher type; extraction quality,"JavaScript rendering, flattened tables, responsive duplicates, and layout markup can alter measurement.",deprecated_alias,diagnostic_only,legacy_implemented,core_general_table_taxonomy_v1,not_started,false,not_applicable,deprecated alias; use has_verified_html_table,Map legacy values to has_any_verified_table only when provenance confirms equivalence.,Compatibility output only; may mix substantive and layout tables.,core_general_table_registry_schema_v2
table_has_comparison,table_has_comparison,table_contains_comparison,canonical,,table_level,max over measured tables; count tables satisfying condition,core_general,table_content,primitive,Table compares alternatives or attributes across multiple entities.,1[validated comparison structure passes],table_level_extraction,preserved HTML/Markdown table evidence,binary_or_count,medium,provenance-aware table extraction,NA means required table evidence was unmeasured; 0 is allowed only after verified absence.,general,high,safe_pre_outcome,domain; website template; page function; publisher type; extraction quality,"JavaScript rendering, flattened tables, responsive duplicates, and layout markup can alter measurement.",diagnostic_then_candidate,core_keep,planned_not_implemented,core_general_table_taxonomy_v1,pending_human_threshold,false,pending_human_threshold,table extraction and classification QA not yet passed,Validate commercial and non-commercial comparisons.,Table structure among surfaced sources; not a causal effect of adding a table.,core_general_table_registry_schema_v2
table_has_directory_or_listing_structure,table_has_directory_or_listing_structure,,canonical,,table_level,max over measured tables; count tables satisfying condition,core_general,table_content,primitive,Table organizes multiple entities as a directory or listing.,1[repeated entity-row/listing structure passes],table_level_extraction,preserved HTML/Markdown table evidence,binary_or_count,medium,provenance-aware table extraction,NA means required table evidence was unmeasured; 0 is allowed only after verified absence.,general,high,safe_pre_outcome,domain; website template; page function; publisher type; extraction quality,"JavaScript rendering, flattened tables, responsive duplicates, and layout markup can alter measurement.",diagnostic_then_candidate,core_keep,planned_not_implemented,core_general_table_taxonomy_v1,pending_human_threshold,false,pending_human_threshold,table extraction and classification QA not yet passed,Distinguish substantive listings from navigation menus.,Table structure among surfaced sources; not a causal effect of adding a table.,core_general_table_registry_schema_v2
table_has_layout_or_navigation_structure,table_has_layout_or_navigation_structure,table_is_layout_or_navigation,canonical,,table_level,max over measured tables; count tables satisfying condition,core_general,table_content,primitive,Table is used primarily for page layout or navigation.,1[layout/navigation classifier passes],table_level_extraction,preserved HTML/Markdown table evidence,binary_or_count,medium,provenance-aware table extraction,NA means required table evidence was unmeasured; 0 is allowed only after verified absence.,general,high,safe_pre_outcome,domain; website template; page function; publisher type; extraction quality,"JavaScript rendering, flattened tables, responsive duplicates, and layout markup can alter measurement.",diagnostic_exclusion,diagnostic_only,planned_not_implemented,core_general_table_taxonomy_v1,pending_human_threshold,false,pending_human_threshold,table extraction and classification QA not yet passed,Prioritize precision because errors contaminate has_any_data_table.,Table structure among surfaced sources; not a causal effect of adding a table.,core_general_table_registry_schema_v2
table_has_measurements,table_has_measurements,,canonical,,table_level,max over measured tables; count tables satisfying condition,core_general,table_content,primitive,Table contains general measurement classes.,1[general unit registry match in factual cell],table_level_extraction,table cells and versioned general unit registry,binary_or_count,medium,provenance-aware table extraction,NA means required table evidence was unmeasured; 0 is allowed only after verified absence.,general,high,safe_pre_outcome,domain; website template; page function; publisher type; extraction quality,"JavaScript rendering, flattened tables, responsive duplicates, and layout markup can alter measurement.",diagnostic_then_candidate,core_keep,planned_not_implemented,core_general_table_taxonomy_v1,pending_human_threshold,false,pending_human_threshold,table extraction and classification QA not yet passed,"Validate length, mass, volume, duration, temperature, percentage, speed, storage, energy, and concentration units.",Store unit-match provenance; vertical unit matches do not automatically activate this field.,core_general_table_registry_schema_v2
table_has_numeric_facts,table_has_numeric_facts,table_contains_numeric_facts,canonical,,table_level,max over measured tables; count tables satisfying condition,core_general,table_content,primitive,Table contains numeric factual values beyond navigation identifiers.,1[validated numeric-fact cells present],table_level_extraction,preserved HTML/Markdown table evidence,binary_or_count,medium,provenance-aware table extraction,NA means required table evidence was unmeasured; 0 is allowed only after verified absence.,general,high,safe_pre_outcome,domain; website template; page function; publisher type; extraction quality,"JavaScript rendering, flattened tables, responsive duplicates, and layout markup can alter measurement.",diagnostic_then_candidate,core_keep,planned_not_implemented,core_general_table_taxonomy_v1,pending_human_threshold,false,pending_human_threshold,table extraction and classification QA not yet passed,"Validate identifiers, years, percentages, and locale formats.",Table structure among surfaced sources; not a causal effect of adding a table.,core_general_table_registry_schema_v2
table_has_schedule_or_timeline,table_has_schedule_or_timeline,,canonical,,table_level,max over measured tables; count tables satisfying condition,core_general,table_content,primitive,"Table organizes dates, times, stages, or milestones.",1[validated schedule/timeline structure passes],table_level_extraction,preserved HTML/Markdown table evidence,binary_or_count,medium,provenance-aware table extraction,NA means required table evidence was unmeasured; 0 is allowed only after verified absence.,general,high,safe_pre_outcome,domain; website template; page function; publisher type; extraction quality,"JavaScript rendering, flattened tables, responsive duplicates, and layout markup can alter measurement.",diagnostic_then_candidate,core_keep,planned_not_implemented,core_general_table_taxonomy_v1,pending_human_threshold,false,pending_human_threshold,table extraction and classification QA not yet passed,Validate date/time formats in Thai and English.,Table structure among surfaced sources; not a causal effect of adding a table.,core_general_table_registry_schema_v2
table_has_specifications,table_has_specifications,,canonical,,table_level,max over measured tables; count tables satisfying condition,core_general,table_content,primitive,"Table presents labeled attributes or specifications using general, non-vertical constructs.",1[attribute-value/specification structure passes],table_level_extraction,preserved HTML/Markdown table evidence,binary_or_count,medium,provenance-aware table extraction,NA means required table evidence was unmeasured; 0 is allowed only after verified absence.,general,high,safe_pre_outcome,domain; website template; page function; publisher type; extraction quality,"JavaScript rendering, flattened tables, responsive duplicates, and layout markup can alter measurement.",diagnostic_then_candidate,core_keep,planned_not_implemented,core_general_table_taxonomy_v1,pending_human_threshold,false,pending_human_threshold,table extraction and classification QA not yet passed,Validate across industries and ensure vertical-only units do not activate it.,Table structure among surfaced sources; not a causal effect of adding a table.,core_general_table_registry_schema_v2
table_has_textual_facts,table_has_textual_facts,,canonical,,table_level,max over measured tables; count tables satisfying condition,core_general,table_content,primitive,Table contains substantive textual factual cells.,1[non-navigation factual text pattern passes],table_level_extraction,preserved HTML/Markdown table evidence,binary_or_count,medium,provenance-aware table extraction,NA means required table evidence was unmeasured; 0 is allowed only after verified absence.,general,high,safe_pre_outcome,domain; website template; page function; publisher type; extraction quality,"JavaScript rendering, flattened tables, responsive duplicates, and layout markup can alter measurement.",diagnostic_then_candidate,core_keep,planned_not_implemented,core_general_table_taxonomy_v1,pending_human_threshold,false,pending_human_threshold,table extraction and classification QA not yet passed,Validate across page functions and languages.,Table structure among surfaced sources; not a causal effect of adding a table.,core_general_table_registry_schema_v2
table_has_transactional_structure,table_has_transactional_structure,,canonical,,table_level,max over measured tables; count tables satisfying condition,core_general,table_content,primitive,Table contains form-like or transaction-action structure.,1[validated input/action/transaction cells present],table_level_extraction,preserved HTML/Markdown table evidence,binary_or_count,medium,provenance-aware table extraction,NA means required table evidence was unmeasured; 0 is allowed only after verified absence.,general,high,safe_pre_outcome,domain; website template; page function; publisher type; extraction quality,"JavaScript rendering, flattened tables, responsive duplicates, and layout markup can alter measurement.",diagnostic_only,diagnostic_only,planned_not_implemented,core_general_table_taxonomy_v1,pending_human_threshold,false,pending_human_threshold,table extraction and classification QA not yet passed,Distinguish forms and account controls from factual tables.,Table structure among surfaced sources; not a causal effect of adding a table.,core_general_table_registry_schema_v2
has_verified_html_table,has_verified_html_table,has_any_verified_table|has_table,canonical,,page_level,max verified HTML presence over measured tables,core_general,table_detection,primitive,1 when at least one HTML <table> is successfully detected and verified on the page.,1[verified HTML table present]; 0[HTML measured and verified absent]; NA[HTML extraction unavailable],html_dom,preserved HTML DOM,nullable_binary,low,provenance-aware table extraction,1 = verified present; 0 = verified absent; NA = unmeasured extraction.,general,high,safe_pre_outcome,domain; website template; page function; publisher type; extraction quality,"JavaScript rendering, flattened tables, responsive duplicates, and layout markup can alter measurement.",temporary_baseline_if_semantic_classification_unvalidated,core_keep,planned_not_implemented,core_general_table_taxonomy_v1,pending_human_threshold,false,pending_human_threshold,table extraction and classification QA not yet passed,Measure HTML detection precision and recall where a labeled sample permits.,Broad HTML presence can include layout tables; it is not equivalent to has_any_data_table.,core_general_table_registry_schema_v2
inferred_text_table_detected,inferred_text_table_detected,,canonical,,extraction_diagnostic,not_applicable,core_general,table_detection,primitive,Table-like structure inferred only from flattened text.,1[predeclared text-row/column pattern passes],flattened_text,preserved HTML/Markdown table evidence,nullable_binary,medium,provenance-aware table extraction,NA means required table evidence was unmeasured; 0 is allowed only after verified absence.,general,high,safe_pre_outcome,domain; website template; page function; publisher type; extraction quality,"JavaScript rendering, flattened tables, responsive duplicates, and layout markup can alter measurement.",diagnostic_only,diagnostic_only,planned_not_implemented,core_general_table_taxonomy_v1,pending_human_threshold,false,pending_human_threshold,table extraction and classification QA not yet passed,Estimate false-positive rate against HTML/Markdown ground truth.,Table structure among surfaced sources; not a causal effect of adding a table.,core_general_table_registry_schema_v2
markdown_table_detected,markdown_table_detected,,canonical,,extraction_diagnostic,not_applicable,core_general,table_detection,primitive,At least one valid Markdown table is inferred present.,1[valid Markdown table present]; 0[Markdown evidence measured and verified absent]; NA[Markdown evidence unmeasured],scraped_markdown,Markdown preserving table syntax,nullable_binary,low,provenance-aware table extraction,NA means required table evidence was unmeasured; 0 is allowed only after verified absence.,general,high,safe_pre_outcome,domain; website template; page function; publisher type; extraction quality,"JavaScript rendering, flattened tables, responsive duplicates, and layout markup can alter measurement.",diagnostic_sensitivity,diagnostic_only,implemented_partial,core_general_table_taxonomy_v1,pending_human_threshold,false,pending_human_threshold,table extraction and classification QA not yet passed,Compare Markdown inference with verified HTML where both exist.,Never treat Markdown-inferred presence as identical to HTML verification without an explicit sensitivity comparison.,core_general_table_registry_schema_v2
table_detection_source,table_detection_source,,canonical,,extraction_diagnostic,not_applicable,core_general,table_detection,categorical_provenance,Evidence source used to detect each table/page table state.,enum from extraction evidence,extraction_provenance,preserved HTML/Markdown table evidence,categorical,low,provenance-aware table extraction,NA means required table evidence was unmeasured; 0 is allowed only after verified absence.,general,high,safe_pre_outcome,domain; website template; page function; publisher type; extraction quality,"JavaScript rendering, flattened tables, responsive duplicates, and layout markup can alter measurement.",diagnostic_provenance,diagnostic_only,planned_not_implemented,core_general_table_taxonomy_v1,pending_human_threshold,false,pending_human_threshold,table extraction and classification QA not yet passed,Confirm every detected table has exactly one or an explicit multiple source.,Table structure among surfaced sources; not a causal effect of adding a table.,core_general_table_registry_schema_v2
table_measurement_unit_registry,table_measurement_unit_registry,,canonical,,table_level,retain per-table provenance; page summary uses set of observed registries,core_general,table_detection,categorical_provenance,Registry that produced table unit matches.,enum general_unit_registry|commerce_unit_registry|vertical_unit_registry|multiple|none|unmeasured,unit_match_provenance,preserved HTML/Markdown table evidence,categorical,medium,provenance-aware table extraction,NA means required table evidence was unmeasured; 0 is allowed only after verified absence.,general,high,safe_pre_outcome,domain; website template; page function; publisher type; extraction quality,"JavaScript rendering, flattened tables, responsive duplicates, and layout markup can alter measurement.",diagnostic_provenance,diagnostic_only,planned_not_implemented,core_general_table_taxonomy_v1,pending_human_threshold,false,pending_human_threshold,table extraction and classification QA not yet passed,Confirm vertical matches remain isolated from Core-General specification rules.,Table structure among surfaced sources; not a causal effect of adding a table.,core_general_table_registry_schema_v2
table_verification_status,table_verification_status,,canonical,,extraction_diagnostic,not_applicable,core_general,table_detection,categorical_provenance,"Verified, inferred, absent, or unmeasured table state.",deterministic evidence-state rule,extraction_provenance,preserved HTML/Markdown table evidence,categorical,low,provenance-aware table extraction,NA means required table evidence was unmeasured; 0 is allowed only after verified absence.,general,high,safe_pre_outcome,domain; website template; page function; publisher type; extraction quality,"JavaScript rendering, flattened tables, responsive duplicates, and layout markup can alter measurement.",diagnostic_and_sample_definition,diagnostic_only,planned_not_implemented,core_general_table_taxonomy_v1,pending_human_threshold,false,pending_human_threshold,table extraction and classification QA not yet passed,Audit verified_absent versus unmeasured semantics with no unexplained row loss.,Table structure among surfaced sources; not a causal effect of adding a table.,core_general_table_registry_schema_v2
table_has_column_labels,table_has_column_labels,,canonical,,table_level,max over measured tables; count tables satisfying condition,core_general,table_labels,primitive,Table contains labels identifying column meaning.,1[validated column-label structure present],table_level_extraction,preserved HTML/Markdown table evidence,binary_or_count,medium,provenance-aware table extraction,NA means required table evidence was unmeasured; 0 is allowed only after verified absence.,general,high,safe_pre_outcome,domain; website template; page function; publisher type; extraction quality,"JavaScript rendering, flattened tables, responsive duplicates, and layout markup can alter measurement.",diagnostic_only,diagnostic_only,planned_not_implemented,core_general_table_taxonomy_v1,pending_human_threshold,false,pending_human_threshold,table extraction and classification QA not yet passed,Validate header rows and colspan labels.,Table structure among surfaced sources; not a causal effect of adding a table.,core_general_table_registry_schema_v2
table_has_header_labels,table_has_header_labels,,canonical,,table_level,max over measured tables; count tables satisfying condition,core_general,table_labels,primitive,Table contains explicit header labels.,1[TH or validated header row present],table_level_extraction,preserved HTML/Markdown table evidence,binary_or_count,medium,provenance-aware table extraction,NA means required table evidence was unmeasured; 0 is allowed only after verified absence.,general,high,safe_pre_outcome,domain; website template; page function; publisher type; extraction quality,"JavaScript rendering, flattened tables, responsive duplicates, and layout markup can alter measurement.",diagnostic_only,diagnostic_only,planned_not_implemented,core_general_table_taxonomy_v1,pending_human_threshold,false,pending_human_threshold,table extraction and classification QA not yet passed,Validate semantic and inferred headers.,Table structure among surfaced sources; not a causal effect of adding a table.,core_general_table_registry_schema_v2
table_has_row_labels,table_has_row_labels,,canonical,,table_level,max over measured tables; count tables satisfying condition,core_general,table_labels,primitive,Table contains labels identifying row meaning.,1[validated row-label structure present],table_level_extraction,preserved HTML/Markdown table evidence,binary_or_count,medium,provenance-aware table extraction,NA means required table evidence was unmeasured; 0 is allowed only after verified absence.,general,high,safe_pre_outcome,domain; website template; page function; publisher type; extraction quality,"JavaScript rendering, flattened tables, responsive duplicates, and layout markup can alter measurement.",diagnostic_only,diagnostic_only,planned_not_implemented,core_general_table_taxonomy_v1,pending_human_threshold,false,pending_human_threshold,table extraction and classification QA not yet passed,Validate first-column labels and multi-level headers.,Table structure among surfaced sources; not a causal effect of adding a table.,core_general_table_registry_schema_v2
comparison_table_count,comparison_table_count,,canonical,,page_level,deterministic page aggregate from table_has_comparison,core_general,table_page_aggregate,derived_primitive,Count of measured tables with comparison structure.,count measured tables where table_has_comparison = 1,provenance_aware_table_extraction,measured table-level records,nullable_binary_or_count,medium,table extractor with verified measured/unmeasured state,NA means extraction evidence was unavailable; zero requires measured absence.,general,high,safe_pre_outcome,domain; template; page function; publisher type; extraction quality,"Responsive duplication, nested tables, spans, rendering, and missing extraction evidence.",diagnostic_only,diagnostic_only,planned_not_implemented,core_general_table_taxonomy_v1,pending_human_threshold,false,pending_human_threshold,extraction and aggregation QA not yet passed,"Validate extraction, aggregation, support, missingness, and redundancy before model entry.",Observed structure among surfaced sources; not a causal table effect.,core_general_table_registry_schema_v2
directory_or_listing_table_count,directory_or_listing_table_count,,canonical,,page_level,deterministic page aggregate from table_has_directory_or_listing_structure,core_general,table_page_aggregate,derived_primitive,Count of directory/listing tables.,count measured tables where table_has_directory_or_listing_structure = 1,provenance_aware_table_extraction,measured table-level records,nullable_binary_or_count,medium,table extractor with verified measured/unmeasured state,NA means extraction evidence was unavailable; zero requires measured absence.,general,high,safe_pre_outcome,domain; template; page function; publisher type; extraction quality,"Responsive duplication, nested tables, spans, rendering, and missing extraction evidence.",diagnostic_only,diagnostic_only,planned_not_implemented,core_general_table_taxonomy_v1,pending_human_threshold,false,pending_human_threshold,extraction and aggregation QA not yet passed,"Validate extraction, aggregation, support, missingness, and redundancy before model entry.",Observed structure among surfaced sources; not a causal table effect.,core_general_table_registry_schema_v2
distinct_table_type_count,distinct_table_type_count,,canonical,,page_level,nunique(table_type_primary excluding unknown where measured),core_general,table_page_aggregate,derived_primitive,Distinct qualifying primary table types on a page.,nunique(table_type_primary excluding unknown where measured),table_level_extraction,preserved HTML/Markdown table evidence,nullable_count,medium,provenance-aware table extraction,NA means required table evidence was unmeasured; 0 is allowed only after verified absence.,general,high,safe_pre_outcome,domain; website template; page function; publisher type; extraction quality,"JavaScript rendering, flattened tables, responsive duplicates, and layout markup can alter measurement.",diagnostic_only,diagnostic_only,planned_not_implemented,core_general_table_taxonomy_v1,pending_human_threshold,false,pending_human_threshold,table extraction and classification QA not yet passed,Validate unknown handling and multi-table aggregation.,Table structure among surfaced sources; not a causal effect of adding a table.,core_general_table_registry_schema_v2
dominant_table_type,dominant_table_type,,canonical,,page_level,type with strictly greater count than runner-up; otherwise mixed_or_unknown,core_general,table_page_aggregate,derived_categorical,Unique most frequent qualifying table type on a page.,type with strictly greater count than runner-up; otherwise mixed_or_unknown,table_level_extraction,preserved HTML/Markdown table evidence,categorical,medium,provenance-aware table extraction,NA means required table evidence was unmeasured; 0 is allowed only after verified absence.,general,high,safe_pre_outcome,domain; website template; page function; publisher type; extraction quality,"JavaScript rendering, flattened tables, responsive duplicates, and layout markup can alter measurement.",extended_table_model_after_QA,sensitivity_only,planned_not_implemented,core_general_table_taxonomy_v1,pending_human_threshold,false,pending_human_threshold,table extraction and classification QA not yet passed,Validate deterministic tie/abstention rule and sparse category support.,Derived without citation outcomes; layout-only pages remain layout_or_navigation.,core_general_table_registry_schema_v2
dominant_table_type_collapsed,dominant_table_type_collapsed,,canonical,,page_level,predeclared support-only collapse of dominant_table_type; mixed/unknown explicit,core_general,table_page_aggregate,derived_categorical,Support-collapsed dominant table type for later sensitivity models.,predeclared support-only collapse of dominant_table_type; mixed/unknown explicit,table_level_extraction,preserved HTML/Markdown table evidence,categorical,medium,provenance-aware table extraction,NA means required table evidence was unmeasured; 0 is allowed only after verified absence.,general,high,safe_pre_outcome,domain; website template; page function; publisher type; extraction quality,"JavaScript rendering, flattened tables, responsive duplicates, and layout markup can alter measurement.",extended_table_model_after_QA,sensitivity_only,planned_not_implemented,core_general_table_taxonomy_v1,pending_human_threshold,false,pending_human_threshold,table extraction and classification QA not yet passed,Human-approve support thresholds before outcomes.,Table structure among surfaced sources; not a causal effect of adding a table.,core_general_table_registry_schema_v2
factual_or_specification_table_count,factual_or_specification_table_count,,canonical,,page_level,count(table_type_primary == factual_or_specification),core_general,table_page_aggregate,derived_primitive,Page count of factual_or_specification tables.,count(table_type_primary == factual_or_specification),table_level_extraction,preserved HTML/Markdown table evidence,nullable_count,medium,provenance-aware table extraction,NA means required table evidence was unmeasured; 0 is allowed only after verified absence.,general,high,safe_pre_outcome,domain; website template; page function; publisher type; extraction quality,"JavaScript rendering, flattened tables, responsive duplicates, and layout markup can alter measurement.",diagnostic_or_feature_group,diagnostic_only,planned_not_implemented,core_general_table_taxonomy_v1,pending_human_threshold,false,pending_human_threshold,table extraction and classification QA not yet passed,Pass type-classification and multi-table aggregation QA.,Table structure among surfaced sources; not a causal effect of adding a table.,core_general_table_registry_schema_v2
has_any_comparison_table,has_any_comparison_table,,canonical,,page_level,deterministic page aggregate from table_has_comparison,core_general,table_page_aggregate,derived_primitive,Page has at least one measured comparison table.,1[max(table_has_comparison) = 1]; 0 only when measured and absent; otherwise NA,provenance_aware_table_extraction,measured table-level records,nullable_binary_or_count,medium,table extractor with verified measured/unmeasured state,NA means extraction evidence was unavailable; zero requires measured absence.,general,high,safe_pre_outcome,domain; template; page function; publisher type; extraction quality,"Responsive duplication, nested tables, spans, rendering, and missing extraction evidence.",diagnostic_only,diagnostic_only,planned_not_implemented,core_general_table_taxonomy_v1,pending_human_threshold,false,pending_human_threshold,extraction and aggregation QA not yet passed,"Validate extraction, aggregation, support, missingness, and redundancy before model entry.",Observed structure among surfaced sources; not a causal table effect.,core_general_table_registry_schema_v2
has_any_data_table,has_any_data_table,,canonical,,page_level,max over measured non-layout table classifications,core_general,table_page_aggregate,derived_primitive,1 when at least one measured table is not classified solely as layout/navigation.,1[data_table_count > 0]; 0 when measured tables are layout-only or verified absent; NA when extraction unavailable,table_level_extraction,preserved HTML/Markdown table evidence,nullable_binary,medium,provenance-aware table extraction,Layout-only page = 0; verified no-table page = 0; extraction unavailable = NA.,general,high,safe_pre_outcome,domain; website template; page function; publisher type; extraction quality,"JavaScript rendering, flattened tables, responsive duplicates, and layout markup can alter measurement.",preferred_baseline_after_QA,core_keep,planned_not_implemented,core_general_table_taxonomy_v1,pending_human_threshold,false,pending_human_threshold,table extraction and classification QA not yet passed,Pass layout-versus-data precision and multi-table aggregation gates.,Table structure among surfaced sources; not a causal effect of adding a table.,core_general_table_registry_schema_v2
has_any_directory_or_listing_table,has_any_directory_or_listing_table,,canonical,,page_level,deterministic page aggregate from table_has_directory_or_listing_structure,core_general,table_page_aggregate,derived_primitive,Page has at least one directory/listing table.,1[max(table_has_directory_or_listing_structure) = 1]; 0 only when measured and absent; otherwise NA,provenance_aware_table_extraction,measured table-level records,nullable_binary_or_count,medium,table extractor with verified measured/unmeasured state,NA means extraction evidence was unavailable; zero requires measured absence.,general,high,safe_pre_outcome,domain; template; page function; publisher type; extraction quality,"Responsive duplication, nested tables, spans, rendering, and missing extraction evidence.",diagnostic_only,diagnostic_only,planned_not_implemented,core_general_table_taxonomy_v1,pending_human_threshold,false,pending_human_threshold,extraction and aggregation QA not yet passed,"Validate extraction, aggregation, support, missingness, and redundancy before model entry.",Observed structure among surfaced sources; not a causal table effect.,core_general_table_registry_schema_v2
has_any_layout_table,has_any_layout_table,,canonical,,page_level,deterministic page aggregate from table_has_layout_or_navigation_structure,core_general,table_page_aggregate,derived_primitive,Page has at least one layout/navigation table.,1[max(table_has_layout_or_navigation_structure) = 1]; 0 only when measured and absent; otherwise NA,provenance_aware_table_extraction,measured table-level records,nullable_binary_or_count,medium,table extractor with verified measured/unmeasured state,NA means extraction evidence was unavailable; zero requires measured absence.,general,high,safe_pre_outcome,domain; template; page function; publisher type; extraction quality,"Responsive duplication, nested tables, spans, rendering, and missing extraction evidence.",diagnostic_only,diagnostic_only,planned_not_implemented,core_general_table_taxonomy_v1,pending_human_threshold,false,pending_human_threshold,extraction and aggregation QA not yet passed,"Validate extraction, aggregation, support, missingness, and redundancy before model entry.",Observed structure among surfaced sources; not a causal table effect.,core_general_table_registry_schema_v2
has_any_schedule_or_timeline_table,has_any_schedule_or_timeline_table,,canonical,,page_level,deterministic page aggregate from table_has_schedule_or_timeline,core_general,table_page_aggregate,derived_primitive,Page has at least one schedule/timeline table.,1[max(table_has_schedule_or_timeline) = 1]; 0 only when measured and absent; otherwise NA,provenance_aware_table_extraction,measured table-level records,nullable_binary_or_count,medium,table extractor with verified measured/unmeasured state,NA means extraction evidence was unavailable; zero requires measured absence.,general,high,safe_pre_outcome,domain; template; page function; publisher type; extraction quality,"Responsive duplication, nested tables, spans, rendering, and missing extraction evidence.",diagnostic_only,diagnostic_only,planned_not_implemented,core_general_table_taxonomy_v1,pending_human_threshold,false,pending_human_threshold,extraction and aggregation QA not yet passed,"Validate extraction, aggregation, support, missingness, and redundancy before model entry.",Observed structure among surfaced sources; not a causal table effect.,core_general_table_registry_schema_v2
has_any_table_with_measurements,has_any_table_with_measurements,,canonical,,page_level,deterministic page aggregate from table_has_measurements,core_general,table_page_aggregate,derived_primitive,Page has at least one measured table with general measurements.,1[max(table_has_measurements) = 1]; 0 only when measured and absent; otherwise NA,provenance_aware_table_extraction,measured table-level records,nullable_binary_or_count,medium,table extractor with verified measured/unmeasured state,NA means extraction evidence was unavailable; zero requires measured absence.,general,high,safe_pre_outcome,domain; template; page function; publisher type; extraction quality,"Responsive duplication, nested tables, spans, rendering, and missing extraction evidence.",diagnostic_only,diagnostic_only,planned_not_implemented,core_general_table_taxonomy_v1,pending_human_threshold,false,pending_human_threshold,extraction and aggregation QA not yet passed,"Validate extraction, aggregation, support, missingness, and redundancy before model entry.",Observed structure among surfaced sources; not a causal table effect.,core_general_table_registry_schema_v2
has_any_table_with_numeric_facts,has_any_table_with_numeric_facts,,canonical,,page_level,deterministic page aggregate from table_has_numeric_facts,core_general,table_page_aggregate,derived_primitive,Page has at least one measured table with numeric facts.,1[max(table_has_numeric_facts) = 1]; 0 only when measured and absent; otherwise NA,provenance_aware_table_extraction,measured table-level records,nullable_binary_or_count,medium,table extractor with verified measured/unmeasured state,NA means extraction evidence was unavailable; zero requires measured absence.,general,high,safe_pre_outcome,domain; template; page function; publisher type; extraction quality,"Responsive duplication, nested tables, spans, rendering, and missing extraction evidence.",diagnostic_only,diagnostic_only,planned_not_implemented,core_general_table_taxonomy_v1,pending_human_threshold,false,pending_human_threshold,extraction and aggregation QA not yet passed,"Validate extraction, aggregation, support, missingness, and redundancy before model entry.",Observed structure among surfaced sources; not a causal table effect.,core_general_table_registry_schema_v2
has_any_table_with_specifications,has_any_table_with_specifications,,canonical,,page_level,deterministic page aggregate from table_has_specifications,core_general,table_page_aggregate,derived_primitive,Page has at least one measured specification table.,1[max(table_has_specifications) = 1]; 0 only when measured and absent; otherwise NA,provenance_aware_table_extraction,measured table-level records,nullable_binary_or_count,medium,table extractor with verified measured/unmeasured state,NA means extraction evidence was unavailable; zero requires measured absence.,general,high,safe_pre_outcome,domain; template; page function; publisher type; extraction quality,"Responsive duplication, nested tables, spans, rendering, and missing extraction evidence.",diagnostic_only,diagnostic_only,planned_not_implemented,core_general_table_taxonomy_v1,pending_human_threshold,false,pending_human_threshold,extraction and aggregation QA not yet passed,"Validate extraction, aggregation, support, missingness, and redundancy before model entry.",Observed structure among surfaced sources; not a causal table effect.,core_general_table_registry_schema_v2
has_any_table_with_textual_facts,has_any_table_with_textual_facts,,canonical,,page_level,deterministic page aggregate from table_has_textual_facts,core_general,table_page_aggregate,derived_primitive,Page has at least one measured table with textual facts.,1[max(table_has_textual_facts) = 1]; 0 only when measured and absent; otherwise NA,provenance_aware_table_extraction,measured table-level records,nullable_binary_or_count,medium,table extractor with verified measured/unmeasured state,NA means extraction evidence was unavailable; zero requires measured absence.,general,high,safe_pre_outcome,domain; template; page function; publisher type; extraction quality,"Responsive duplication, nested tables, spans, rendering, and missing extraction evidence.",diagnostic_only,diagnostic_only,planned_not_implemented,core_general_table_taxonomy_v1,pending_human_threshold,false,pending_human_threshold,extraction and aggregation QA not yet passed,"Validate extraction, aggregation, support, missingness, and redundancy before model entry.",Observed structure among surfaced sources; not a causal table effect.,core_general_table_registry_schema_v2
has_any_transactional_or_form_table,has_any_transactional_or_form_table,,canonical,,page_level,deterministic page aggregate from table_has_transactional_structure,core_general,table_page_aggregate,derived_primitive,Page has at least one transactional/form table.,1[max(table_has_transactional_structure) = 1]; 0 only when measured and absent; otherwise NA,provenance_aware_table_extraction,measured table-level records,nullable_binary_or_count,medium,table extractor with verified measured/unmeasured state,NA means extraction evidence was unavailable; zero requires measured absence.,general,high,safe_pre_outcome,domain; template; page function; publisher type; extraction quality,"Responsive duplication, nested tables, spans, rendering, and missing extraction evidence.",diagnostic_only,diagnostic_only,planned_not_implemented,core_general_table_taxonomy_v1,pending_human_threshold,false,pending_human_threshold,extraction and aggregation QA not yet passed,"Validate extraction, aggregation, support, missingness, and redundancy before model entry.",Observed structure among surfaced sources; not a causal table effect.,core_general_table_registry_schema_v2
has_multiple_table_types,has_multiple_table_types,,canonical,,page_level,1[distinct_table_type_count >= 2],core_general,table_page_aggregate,derived_primitive,Page has at least two distinct non-unknown table types.,1[distinct_table_type_count >= 2],table_level_extraction,preserved HTML/Markdown table evidence,nullable_binary,medium,provenance-aware table extraction,NA means required table evidence was unmeasured; 0 is allowed only after verified absence.,general,high,safe_pre_outcome,domain; website template; page function; publisher type; extraction quality,"JavaScript rendering, flattened tables, responsive duplicates, and layout markup can alter measurement.",diagnostic_or_sensitivity,diagnostic_only,planned_not_implemented,core_general_table_taxonomy_v1,pending_human_threshold,false,pending_human_threshold,table extraction and classification QA not yet passed,Pass table-type agreement and aggregation gates.,Table structure among surfaced sources; not a causal effect of adding a table.,core_general_table_registry_schema_v2
has_multiple_tables,has_multiple_tables,,canonical,,page_level,1[total_detected_table_count >= 2],core_general,table_page_aggregate,derived_primitive,Page has at least two deduplicated detected tables.,1[total_detected_table_count >= 2],table_level_extraction,preserved HTML/Markdown table evidence,nullable_binary,medium,provenance-aware table extraction,NA means required table evidence was unmeasured; 0 is allowed only after verified absence.,general,high,safe_pre_outcome,domain; website template; page function; publisher type; extraction quality,"JavaScript rendering, flattened tables, responsive duplicates, and layout markup can alter measurement.",diagnostic_or_sensitivity,diagnostic_only,planned_not_implemented,core_general_table_taxonomy_v1,pending_human_threshold,false,pending_human_threshold,table extraction and classification QA not yet passed,Pass responsive-duplicate and nested-table gates.,Table structure among surfaced sources; not a causal effect of adding a table.,core_general_table_registry_schema_v2
layout_or_navigation_table_count,layout_or_navigation_table_count,,canonical,,page_level,deterministic page aggregate from table_has_layout_or_navigation_structure,core_general,table_page_aggregate,derived_primitive,Count of layout/navigation tables.,count measured tables where table_has_layout_or_navigation_structure = 1,provenance_aware_table_extraction,measured table-level records,nullable_binary_or_count,medium,table extractor with verified measured/unmeasured state,NA means extraction evidence was unavailable; zero requires measured absence.,general,high,safe_pre_outcome,domain; template; page function; publisher type; extraction quality,"Responsive duplication, nested tables, spans, rendering, and missing extraction evidence.",diagnostic_only,diagnostic_only,planned_not_implemented,core_general_table_taxonomy_v1,pending_human_threshold,false,pending_human_threshold,extraction and aggregation QA not yet passed,"Validate extraction, aggregation, support, missingness, and redundancy before model entry.",Observed structure among surfaced sources; not a causal table effect.,core_general_table_registry_schema_v2
measurement_table_count,measurement_table_count,,canonical,,page_level,deterministic page aggregate from table_has_measurements,core_general,table_page_aggregate,derived_primitive,Count of measured tables with general measurements.,count measured tables where table_has_measurements = 1,provenance_aware_table_extraction,measured table-level records,nullable_binary_or_count,medium,table extractor with verified measured/unmeasured state,NA means extraction evidence was unavailable; zero requires measured absence.,general,high,safe_pre_outcome,domain; template; page function; publisher type; extraction quality,"Responsive duplication, nested tables, spans, rendering, and missing extraction evidence.",diagnostic_only,diagnostic_only,planned_not_implemented,core_general_table_taxonomy_v1,pending_human_threshold,false,pending_human_threshold,extraction and aggregation QA not yet passed,"Validate extraction, aggregation, support, missingness, and redundancy before model entry.",Observed structure among surfaced sources; not a causal table effect.,core_general_table_registry_schema_v2
numeric_fact_table_count,numeric_fact_table_count,,canonical,,page_level,deterministic page aggregate from table_has_numeric_facts,core_general,table_page_aggregate,derived_primitive,Count of measured tables with numeric facts.,count measured tables where table_has_numeric_facts = 1,provenance_aware_table_extraction,measured table-level records,nullable_binary_or_count,medium,table extractor with verified measured/unmeasured state,NA means extraction evidence was unavailable; zero requires measured absence.,general,high,safe_pre_outcome,domain; template; page function; publisher type; extraction quality,"Responsive duplication, nested tables, spans, rendering, and missing extraction evidence.",diagnostic_only,diagnostic_only,planned_not_implemented,core_general_table_taxonomy_v1,pending_human_threshold,false,pending_human_threshold,extraction and aggregation QA not yet passed,"Validate extraction, aggregation, support, missingness, and redundancy before model entry.",Observed structure among surfaced sources; not a causal table effect.,core_general_table_registry_schema_v2
schedule_or_timeline_table_count,schedule_or_timeline_table_count,,canonical,,page_level,deterministic page aggregate from table_has_schedule_or_timeline,core_general,table_page_aggregate,derived_primitive,Count of schedule/timeline tables.,count measured tables where table_has_schedule_or_timeline = 1,provenance_aware_table_extraction,measured table-level records,nullable_binary_or_count,medium,table extractor with verified measured/unmeasured state,NA means extraction evidence was unavailable; zero requires measured absence.,general,high,safe_pre_outcome,domain; template; page function; publisher type; extraction quality,"Responsive duplication, nested tables, spans, rendering, and missing extraction evidence.",diagnostic_only,diagnostic_only,planned_not_implemented,core_general_table_taxonomy_v1,pending_human_threshold,false,pending_human_threshold,extraction and aggregation QA not yet passed,"Validate extraction, aggregation, support, missingness, and redundancy before model entry.",Observed structure among surfaced sources; not a causal table effect.,core_general_table_registry_schema_v2
specification_table_count,specification_table_count,,canonical,,page_level,deterministic page aggregate from table_has_specifications,core_general,table_page_aggregate,derived_primitive,Count of measured tables with specifications.,count measured tables where table_has_specifications = 1,provenance_aware_table_extraction,measured table-level records,nullable_binary_or_count,medium,table extractor with verified measured/unmeasured state,NA means extraction evidence was unavailable; zero requires measured absence.,general,high,safe_pre_outcome,domain; template; page function; publisher type; extraction quality,"Responsive duplication, nested tables, spans, rendering, and missing extraction evidence.",diagnostic_only,diagnostic_only,planned_not_implemented,core_general_table_taxonomy_v1,pending_human_threshold,false,pending_human_threshold,extraction and aggregation QA not yet passed,"Validate extraction, aggregation, support, missingness, and redundancy before model entry.",Observed structure among surfaced sources; not a causal table effect.,core_general_table_registry_schema_v2
textual_fact_table_count,textual_fact_table_count,,canonical,,page_level,deterministic page aggregate from table_has_textual_facts,core_general,table_page_aggregate,derived_primitive,Count of measured tables with textual facts.,count measured tables where table_has_textual_facts = 1,provenance_aware_table_extraction,measured table-level records,nullable_binary_or_count,medium,table extractor with verified measured/unmeasured state,NA means extraction evidence was unavailable; zero requires measured absence.,general,high,safe_pre_outcome,domain; template; page function; publisher type; extraction quality,"Responsive duplication, nested tables, spans, rendering, and missing extraction evidence.",diagnostic_only,diagnostic_only,planned_not_implemented,core_general_table_taxonomy_v1,pending_human_threshold,false,pending_human_threshold,extraction and aggregation QA not yet passed,"Validate extraction, aggregation, support, missingness, and redundancy before model entry.",Observed structure among surfaced sources; not a causal table effect.,core_general_table_registry_schema_v2
transactional_or_form_table_count,transactional_or_form_table_count,,canonical,,page_level,deterministic page aggregate from table_has_transactional_structure,core_general,table_page_aggregate,derived_primitive,Count of transactional/form tables.,count measured tables where table_has_transactional_structure = 1,provenance_aware_table_extraction,measured table-level records,nullable_binary_or_count,medium,table extractor with verified measured/unmeasured state,NA means extraction evidence was unavailable; zero requires measured absence.,general,high,safe_pre_outcome,domain; template; page function; publisher type; extraction quality,"Responsive duplication, nested tables, spans, rendering, and missing extraction evidence.",diagnostic_only,diagnostic_only,planned_not_implemented,core_general_table_taxonomy_v1,pending_human_threshold,false,pending_human_threshold,extraction and aggregation QA not yet passed,"Validate extraction, aggregation, support, missingness, and redundancy before model entry.",Observed structure among surfaced sources; not a causal table effect.,core_general_table_registry_schema_v2
unknown_or_other_table_count,unknown_or_other_table_count,,canonical,,page_level,count(table_type_primary == unknown_or_other),core_general,table_page_aggregate,derived_primitive,Page count of unknown_or_other tables.,count(table_type_primary == unknown_or_other),table_level_extraction,preserved HTML/Markdown table evidence,nullable_count,medium,provenance-aware table extraction,NA means required table evidence was unmeasured; 0 is allowed only after verified absence.,general,high,safe_pre_outcome,domain; website template; page function; publisher type; extraction quality,"JavaScript rendering, flattened tables, responsive duplicates, and layout markup can alter measurement.",diagnostic_or_feature_group,diagnostic_only,planned_not_implemented,core_general_table_taxonomy_v1,pending_human_threshold,false,pending_human_threshold,table extraction and classification QA not yet passed,Pass type-classification and multi-table aggregation QA.,Table structure among surfaced sources; not a causal effect of adding a table.,core_general_table_registry_schema_v2
has_any_verified_table,has_any_verified_table,has_table,deprecated_alias,has_verified_html_table,registry_metadata,not_applicable,core_general,table_page_aggregate,derived_primitive,"Page has at least one HTML-verified table, including layout tables.",1[html_table_count > 0]; 0 only if HTML verified absent; otherwise NA,html_dom,preserved HTML/Markdown table evidence,nullable_binary,medium,provenance-aware table extraction,NA means required table evidence was unmeasured; 0 is allowed only after verified absence.,general,high,safe_pre_outcome,domain; website template; page function; publisher type; extraction quality,"JavaScript rendering, flattened tables, responsive duplicates, and layout markup can alter measurement.",deprecated_alias,diagnostic_only,legacy_implemented,core_general_table_taxonomy_v1,not_started,false,not_applicable,deprecated alias; use has_verified_html_table,Pass HTML detection and absent-versus-unmeasured gates.,Table structure among surfaced sources; not a causal effect of adding a table.,core_general_table_registry_schema_v2
data_table_count,data_table_count,,canonical,,page_level,count(table_type_primary != layout_or_navigation and verification measured),core_general,table_structure,primitive,Count of tables not classified as layout/navigation.,count(table_type_primary != layout_or_navigation and verification measured),table_level_extraction,preserved HTML/Markdown table evidence,nullable_count,medium,provenance-aware table extraction,NA means required table evidence was unmeasured; 0 is allowed only after verified absence.,general,high,safe_pre_outcome,domain; website template; page function; publisher type; extraction quality,"JavaScript rendering, flattened tables, responsive duplicates, and layout markup can alter measurement.",diagnostic_only,diagnostic_only,planned_not_implemented,core_general_table_taxonomy_v1,pending_human_threshold,false,pending_human_threshold,table extraction and classification QA not yet passed,Pass layout-versus-data precision gate.,Table structure among surfaced sources; not a causal effect of adding a table.,core_general_table_registry_schema_v2
html_table_count,html_table_count,,canonical,,page_level,count(verified deduplicated HTML table nodes); NA when HTML unmeasured,core_general,table_structure,primitive,Count of HTML-verified table nodes before semantic layout/data classification.,count(verified deduplicated HTML table nodes); NA when HTML unmeasured,html_dom,preserved HTML DOM,nullable_count,low,provenance-aware table extraction,NA means required table evidence was unmeasured; 0 is allowed only after verified absence.,general,high,safe_pre_outcome,domain; website template; page function; publisher type; extraction quality,"JavaScript rendering, flattened tables, responsive duplicates, and layout markup can alter measurement.",diagnostic_only,diagnostic_only,implemented_partial,core_general_table_taxonomy_v1,pending_human_threshold,false,pending_human_threshold,table extraction and classification QA not yet passed,Validate responsive duplicate and nested-table handling.,Raw count is not approved as a headline feature.,core_general_table_registry_schema_v2
inferred_table_count,inferred_table_count,,canonical,,page_level,count(valid inferred text-table blocks),core_general,table_structure,primitive,Count of table-like blocks inferred from flattened text.,count(valid inferred text-table blocks),flattened_text,preserved HTML/Markdown table evidence,nullable_count,medium,provenance-aware table extraction,NA means required table evidence was unmeasured; 0 is allowed only after verified absence.,general,high,safe_pre_outcome,domain; website template; page function; publisher type; extraction quality,"JavaScript rendering, flattened tables, responsive duplicates, and layout markup can alter measurement.",diagnostic_only,diagnostic_only,planned_not_implemented,core_general_table_taxonomy_v1,pending_human_threshold,false,pending_human_threshold,table extraction and classification QA not yet passed,Validate precision and avoid treating inferred counts as HTML counts.,Table structure among surfaced sources; not a causal effect of adding a table.,core_general_table_registry_schema_v2
layout_table_count,layout_table_count,,canonical,,page_level,count(table_type_primary == layout_or_navigation),core_general,table_structure,primitive,Count of layout or navigation tables.,count(table_type_primary == layout_or_navigation),table_level_extraction,preserved HTML/Markdown table evidence,nullable_count,medium,provenance-aware table extraction,NA means required table evidence was unmeasured; 0 is allowed only after verified absence.,general,high,safe_pre_outcome,domain; website template; page function; publisher type; extraction quality,"JavaScript rendering, flattened tables, responsive duplicates, and layout markup can alter measurement.",diagnostic_only,diagnostic_only,planned_not_implemented,core_general_table_taxonomy_v1,pending_human_threshold,false,pending_human_threshold,table extraction and classification QA not yet passed,Validate legacy layout and navigation pages.,Table structure among surfaced sources; not a causal effect of adding a table.,core_general_table_registry_schema_v2
markdown_table_count,markdown_table_count,,canonical,,page_level,count(valid Markdown table blocks),core_general,table_structure,primitive,Count of valid Markdown tables.,count(valid Markdown table blocks),scraped_markdown,preserved HTML/Markdown table evidence,nullable_count,medium,provenance-aware table extraction,NA means required table evidence was unmeasured; 0 is allowed only after verified absence.,general,high,safe_pre_outcome,domain; website template; page function; publisher type; extraction quality,"JavaScript rendering, flattened tables, responsive duplicates, and layout markup can alter measurement.",diagnostic_only,diagnostic_only,planned_not_implemented,core_general_table_taxonomy_v1,pending_human_threshold,false,pending_human_threshold,table extraction and classification QA not yet passed,Compare with HTML tables where both representations exist.,Table structure among surfaced sources; not a causal effect of adding a table.,core_general_table_registry_schema_v2
table_caption_count,table_caption_count,,canonical,,page_level,count(tables with caption/ARIA-labelled description),core_general,table_structure,primitive,Count of tables with visible captions or equivalent labels.,count(tables with caption/ARIA-labelled description),table_level_extraction,preserved HTML/Markdown table evidence,nullable_count,medium,provenance-aware table extraction,NA means required table evidence was unmeasured; 0 is allowed only after verified absence.,general,high,safe_pre_outcome,domain; website template; page function; publisher type; extraction quality,"JavaScript rendering, flattened tables, responsive duplicates, and layout markup can alter measurement.",diagnostic_only,diagnostic_only,planned_not_implemented,core_general_table_taxonomy_v1,pending_human_threshold,false,pending_human_threshold,table extraction and classification QA not yet passed,Validate visible caption and ARIA label handling.,Table structure among surfaced sources; not a causal effect of adding a table.,core_general_table_registry_schema_v2
table_cell_count_per_table,table_cell_count_per_table,,canonical,,table_level,sum to table_cell_count_total; retain distribution diagnostics,core_general,table_structure,primitive,Logical cells in one measured table.,count logical cells after span handling,provenance_aware_table_extraction,measured table-level records,nullable_binary_or_count,medium,table extractor with verified measured/unmeasured state,NA means extraction evidence was unavailable; zero requires measured absence.,general,high,safe_pre_outcome,domain; template; page function; publisher type; extraction quality,"Responsive duplication, nested tables, spans, rendering, and missing extraction evidence.",diagnostic_only,diagnostic_only,planned_not_implemented,core_general_table_taxonomy_v1,pending_human_threshold,false,pending_human_threshold,extraction and aggregation QA not yet passed,"Validate extraction, aggregation, support, missingness, and redundancy before model entry.",Observed structure among surfaced sources; not a causal table effect.,core_general_table_registry_schema_v2
table_cell_count_total,table_cell_count_total,,canonical,,page_level,sum(logical cells after span handling),core_general,table_structure,primitive,Total logical cells across deduplicated detected tables.,sum(logical cells after span handling),table_level_extraction,preserved HTML/Markdown table evidence,nullable_count,medium,provenance-aware table extraction,NA means required table evidence was unmeasured; 0 is allowed only after verified absence.,general,high,safe_pre_outcome,domain; website template; page function; publisher type; extraction quality,"JavaScript rendering, flattened tables, responsive duplicates, and layout markup can alter measurement.",diagnostic_only,diagnostic_only,planned_not_implemented,core_general_table_taxonomy_v1,pending_human_threshold,false,pending_human_threshold,table extraction and classification QA not yet passed,Validate rowspan/colspan expansion without double counting.,Table structure among surfaced sources; not a causal effect of adding a table.,core_general_table_registry_schema_v2
table_column_count_max,table_column_count_max,table_column_count,canonical,,page_level,max(columns after colspan expansion),core_general,table_structure,primitive,Maximum columns across deduplicated detected tables.,max(columns after colspan expansion),table_level_extraction,preserved HTML/Markdown table evidence,nullable_count,medium,provenance-aware table extraction,NA means required table evidence was unmeasured; 0 is allowed only after verified absence.,general,high,safe_pre_outcome,domain; website template; page function; publisher type; extraction quality,"JavaScript rendering, flattened tables, responsive duplicates, and layout markup can alter measurement.",diagnostic_only,diagnostic_only,planned_not_implemented,core_general_table_taxonomy_v1,pending_human_threshold,false,pending_human_threshold,table extraction and classification QA not yet passed,Validate colspan and responsive/mobile table variants.,Table structure among surfaced sources; not a causal effect of adding a table.,core_general_table_registry_schema_v2
table_column_count_per_table,table_column_count_per_table,,canonical,,table_level,max to table_column_count_max; retain distribution diagnostics,core_general,table_structure,primitive,Maximum logical columns in one measured table.,count logical columns after colspan handling,provenance_aware_table_extraction,measured table-level records,nullable_binary_or_count,medium,table extractor with verified measured/unmeasured state,NA means extraction evidence was unavailable; zero requires measured absence.,general,high,safe_pre_outcome,domain; template; page function; publisher type; extraction quality,"Responsive duplication, nested tables, spans, rendering, and missing extraction evidence.",diagnostic_only,diagnostic_only,planned_not_implemented,core_general_table_taxonomy_v1,pending_human_threshold,false,pending_human_threshold,extraction and aggregation QA not yet passed,"Validate extraction, aggregation, support, missingness, and redundancy before model entry.",Observed structure among surfaced sources; not a causal table effect.,core_general_table_registry_schema_v2
table_nested_count,table_nested_count,,canonical,,page_level,count(table nodes with table ancestor),core_general,table_structure,primitive,Count of tables nested within another table.,count(table nodes with table ancestor),table_level_extraction,preserved HTML/Markdown table evidence,nullable_count,medium,provenance-aware table extraction,NA means required table evidence was unmeasured; 0 is allowed only after verified absence.,general,high,safe_pre_outcome,domain; website template; page function; publisher type; extraction quality,"JavaScript rendering, flattened tables, responsive duplicates, and layout markup can alter measurement.",diagnostic_only,diagnostic_only,planned_not_implemented,core_general_table_taxonomy_v1,pending_human_threshold,false,pending_human_threshold,table extraction and classification QA not yet passed,Ensure nested tables do not inflate parent row/cell counts.,Table structure among surfaced sources; not a causal effect of adding a table.,core_general_table_registry_schema_v2
table_row_count_per_table,table_row_count_per_table,,canonical,,table_level,sum to table_row_count_total; retain max and distribution diagnostics,core_general,table_structure,primitive,Logical rows in one measured table.,count logical rows after rowspan handling,provenance_aware_table_extraction,measured table-level records,nullable_binary_or_count,medium,table extractor with verified measured/unmeasured state,NA means extraction evidence was unavailable; zero requires measured absence.,general,high,safe_pre_outcome,domain; template; page function; publisher type; extraction quality,"Responsive duplication, nested tables, spans, rendering, and missing extraction evidence.",diagnostic_only,diagnostic_only,planned_not_implemented,core_general_table_taxonomy_v1,pending_human_threshold,false,pending_human_threshold,extraction and aggregation QA not yet passed,"Validate extraction, aggregation, support, missingness, and redundancy before model entry.",Observed structure among surfaced sources; not a causal table effect.,core_general_table_registry_schema_v2
table_row_count_total,table_row_count_total,table_row_count,canonical,,page_level,sum(rows after rowspan expansion and duplicate removal),core_general,table_structure,primitive,Total rows across deduplicated detected tables.,sum(rows after rowspan expansion and duplicate removal),table_level_extraction,preserved HTML/Markdown table evidence,nullable_count,medium,provenance-aware table extraction,NA means required table evidence was unmeasured; 0 is allowed only after verified absence.,general,high,safe_pre_outcome,domain; website template; page function; publisher type; extraction quality,"JavaScript rendering, flattened tables, responsive duplicates, and layout markup can alter measurement.",diagnostic_only,diagnostic_only,planned_not_implemented,core_general_table_taxonomy_v1,pending_human_threshold,false,pending_human_threshold,table extraction and classification QA not yet passed,"Validate rowspan, nested-table and responsive-duplicate handling.",Table structure among surfaced sources; not a causal effect of adding a table.,core_general_table_registry_schema_v2
table_with_header_count,table_with_header_count,,canonical,,page_level,count(tables with TH or validated header row),core_general,table_structure,primitive,Count of tables with verified header cells or equivalent labels.,count(tables with TH or validated header row),table_level_extraction,preserved HTML/Markdown table evidence,nullable_count,medium,provenance-aware table extraction,NA means required table evidence was unmeasured; 0 is allowed only after verified absence.,general,high,safe_pre_outcome,domain; website template; page function; publisher type; extraction quality,"JavaScript rendering, flattened tables, responsive duplicates, and layout markup can alter measurement.",diagnostic_only,diagnostic_only,planned_not_implemented,core_general_table_taxonomy_v1,pending_human_threshold,false,pending_human_threshold,table extraction and classification QA not yet passed,Validate header detection in Thai and English.,Table structure among surfaced sources; not a causal effect of adding a table.,core_general_table_registry_schema_v2
total_detected_table_count,total_detected_table_count,,canonical,,page_level,count(deduplicated table identities across sources),core_general,table_structure,derived_primitive,Deduplicated count across verified and inferred detection sources.,count(deduplicated table identities across sources),html_markdown_text_reconciliation,preserved HTML/Markdown table evidence,nullable_count,medium,provenance-aware table extraction,NA means required table evidence was unmeasured; 0 is allowed only after verified absence.,general,high,safe_pre_outcome,domain; website template; page function; publisher type; extraction quality,"JavaScript rendering, flattened tables, responsive duplicates, and layout markup can alter measurement.",diagnostic_only,diagnostic_only,planned_not_implemented,core_general_table_taxonomy_v1,pending_human_threshold,false,pending_human_threshold,table extraction and classification QA not yet passed,Validate cross-source deduplication and responsive duplicates.,Table structure among surfaced sources; not a causal effect of adding a table.,core_general_table_registry_schema_v2
table_column_count,table_column_count,,deprecated_alias,table_column_count_max,registry_metadata,not_applicable,core_general,table_structure,primitive,Maximum or summarized columns in verified semantic tables.,max(non-layout columns),html_dom,verified table cells,count_or_bins,low,preserved table structure,Missing means table structure was unavailable.,general,high,safe_pre_outcome,page function; mobile templates,Colspan and responsive markup complicate width.,deprecated_alias,diagnostic_only,legacy_implemented,core_general_table_taxonomy_v1,not_started,false,not_applicable,deprecated alias; use table_column_count_max,Validate colspan handling and mobile variants.,Backward-compatible alias retained; canonical field is table_column_count_max.,core_general_table_registry_schema_v2
table_contains_comparison,table_contains_comparison,,deprecated_alias,table_has_comparison,registry_metadata,not_applicable,core_general,table_structure,primitive,Verified table compares multiple alternatives or attributes.,1[comparison structure rule passes],html_dom,headers and table cells,binary,medium,semantic table structure,Missing means comparison structure was unavailable.,general,conditional,safe_pre_outcome,page function; commercial intent,Comparison intent is difficult to infer from headers alone.,deprecated_alias,diagnostic_only,legacy_implemented,core_general_table_taxonomy_v1,not_started,false,not_applicable,deprecated alias; use table_has_comparison,Validate across commercial and non-commercial tables.,Backward-compatible alias retained; canonical field is table_has_comparison.,core_general_table_registry_schema_v2
table_contains_numeric_facts,table_contains_numeric_facts,,deprecated_alias,table_has_numeric_facts,registry_metadata,not_applicable,core_general,table_structure,primitive,Verified table contains numeric factual cells.,1[numeric factual cell pattern present],html_dom,table cell text,binary,medium,semantic table cells,Missing means table content was unavailable.,general,high,safe_pre_outcome,page function; commerce status,Identifiers may be mistaken for facts.,deprecated_alias,diagnostic_only,legacy_implemented,core_general_table_taxonomy_v1,not_started,false,not_applicable,deprecated alias; use table_has_numeric_facts,Multilingual manual validation of numeric cell rules.,Backward-compatible alias retained; canonical field is table_has_numeric_facts.,core_general_table_registry_schema_v2
table_is_layout_or_navigation,table_is_layout_or_navigation,,deprecated_alias,table_has_layout_or_navigation_structure,registry_metadata,not_applicable,core_general,table_structure,primitive,Table node appears to be layout or navigation rather than content.,layout classifier from links/cells/ARIA/context,html_dom,table DOM and context,binary,low,preserved DOM context,Missing means classification was unavailable.,general,high,safe_pre_outcome,legacy site technology,Classifier error contaminates verified-table features.,deprecated_alias,diagnostic_only,legacy_implemented,core_general_table_taxonomy_v1,not_started,false,not_applicable,deprecated alias; use table_has_layout_or_navigation_structure,High-recall manual QA on legacy and navigation tables.,Backward-compatible alias retained; canonical field is table_has_layout_or_navigation_structure.,core_general_table_registry_schema_v2
table_row_count,table_row_count,,deprecated_alias,table_row_count_total,registry_metadata,not_applicable,core_general,table_structure,primitive,Rows across verified semantic tables.,sum(non-layout rows),html_dom,verified table cells,count_or_log2,low,preserved table structure,Missing means table structure was unavailable.,general,high,safe_pre_outcome,page function; template,Headers and nested tables complicate counts.,deprecated_alias,diagnostic_only,legacy_implemented,core_general_table_taxonomy_v1,not_started,false,not_applicable,deprecated alias; use table_row_count_total,Validate row parsing and duplicate tables.,Backward-compatible alias retained; canonical field is table_row_count_total.,core_general_table_registry_schema_v2
table_type_primary,table_type_primary,,canonical,,table_level,derive primary-type counts and dominant_table_type from all measured tables,core_general,table_type,categorical_classification,Main observed function of one table; abstains when evidence is weak or conflicting.,frozen deterministic classifier using structure and content only,table_level_extraction,preserved HTML/Markdown table evidence,categorical,medium,provenance-aware table extraction,NA means required table evidence was unmeasured; 0 is allowed only after verified absence.,general,high,safe_pre_outcome,domain; website template; page function; publisher type; extraction quality,"JavaScript rendering, flattened tables, responsive duplicates, and layout markup can alter measurement.",diagnostic_table_level,core_keep,planned_not_implemented,core_general_table_taxonomy_v1,pending_human_threshold,false,pending_human_threshold,table extraction and classification QA not yet passed,Measure broad table-type agreement on a manually labeled sample.,Table structure among surfaced sources; not a causal effect of adding a table.,core_general_table_registry_schema_v2
page_type_family_gemini_v1_collapsed,page_type_family_gemini_v1_collapsed,,canonical,,not_table_related,not_applicable,core_general,taxonomy_control,primitive_classification,Collapsed Gemini page-function family.,Gemini taxonomy v1; support-only rare collapse,url_metadata_and_content,versioned Gemini classification,categorical,medium,taxonomy join and classification evidence,Unknown remains explicit.,general,conditional,content_informed_overcontrol_risk,page function; source authority,Uses content and may absorb focal writing variation.,G4B_secondary_sensitivity,sensitivity_only,legacy_implemented,core_general_content_features_v1,not_started,false,pending_human_threshold,not yet reviewed for Core-General model v1,Keep secondary to Rule-v2 in Core-General design; report taxonomy version.,,core_general_table_registry_schema_v2
page_type_family_rule_v2_url_seed,page_type_family_rule_v2_url_seed,,canonical,,not_table_related,not_applicable,core_general,taxonomy_control,primitive_classification,Broad page family inferred only from URL/title/meta/domain signals.,versioned Rule-v2 metadata classifier,url_title_meta,"URL, title, meta and domain",collapsed_categorical,medium,metadata availability,Unknown remains an explicit category.,general,conditional,safe_pre_outcome,page function; domain,Rule errors and unknowns create measurement error.,G4A_sensitivity,sensitivity_only,implemented_partial,core_general_content_features_v1,not_started,false,pending_human_threshold,not yet reviewed for Core-General model v1,Freeze taxonomy version and collapse levels using support only.,,core_general_table_registry_schema_v2
source_type_general_gemini_v1_collapsed,source_type_general_gemini_v1_collapsed,,canonical,,not_table_related,not_applicable,core_general,taxonomy_control,primitive_classification,Collapsed Gemini source/site type.,Gemini taxonomy v1; support-only rare collapse,url_metadata_and_content,versioned Gemini classification,categorical,medium,taxonomy join and classification evidence,Unknown remains explicit.,general,conditional,content_informed_overcontrol_risk,domain authority; platform type,May use page content and over-control structural variation.,G4B_secondary_sensitivity,sensitivity_only,legacy_implemented,core_general_content_features_v1,not_started,false,pending_human_threshold,not yet reviewed for Core-General model v1,"Report as content-informed sensitivity, not focal content.",,core_general_table_registry_schema_v2
source_type_general_rule_v2,source_type_general_rule_v2,,canonical,,not_table_related,not_applicable,core_general,taxonomy_control,primitive_classification,General source/site role inferred without page body.,versioned Rule-v2 source/site classifier,url_title_meta,"URL, title, meta and domain",collapsed_categorical,medium,metadata availability,Unknown remains explicit.,general,conditional,safe_pre_outcome,domain authority; platform type,Broad roles can combine heterogeneous publishers.,G4A_sensitivity,sensitivity_only,implemented_partial,core_general_content_features_v1,not_started,false,pending_human_threshold,not yet reviewed for Core-General model v1,Freeze version and report category support.,,core_general_table_registry_schema_v2
dom_structure_cluster,dom_structure_cluster,,canonical,,not_table_related,not_applicable,core_general,template_duplication,composite,Cluster of similar normalized DOM structures.,predeclared clustering of layout fingerprints,html_dom,layout fingerprint,categorical_cluster,low,sufficient HTML coverage,Missing means clustering input was unavailable.,general,high,safe_diagnostic,platform and CMS,Clustering choices can be outcome-tuned if not frozen.,optional_template_sensitivity,diagnostic_only,planned_not_implemented,core_general_content_features_v1,not_started,false,pending_human_threshold,not yet reviewed for Core-General model v1,Freeze distance and clustering parameters before outcomes.,,core_general_table_registry_schema_v2
template_hash,template_hash,,canonical,,not_table_related,not_applicable,core_general,template_duplication,derived_primitive,Hash of normalized DOM structure after content/text removal.,hash(normalized DOM tag/class skeleton),html_dom,raw HTML DOM,categorical_hash,low,stable DOM normalization,Missing means DOM was unavailable.,general,high,safe_diagnostic,CMS and platform,Minor experiments or dynamic markup split templates.,diagnostic_cluster,diagnostic_only,planned_not_implemented,core_general_content_features_v1,not_started,false,pending_human_threshold,not yet reviewed for Core-General model v1,Check within-domain stability and duplicate detection.,,core_general_table_registry_schema_v2
median_paragraph_length_words,median_paragraph_length_words,,canonical,,not_table_related,not_applicable,core_general,writing_structure,primitive,Median words per preserved paragraph.,median(words per paragraph),html_dom_or_markdown,paragraph blocks,continuous_or_spline,high,block boundaries and tokenization,Missing means insufficient paragraphs.,general,high,safe_pre_outcome,language; page type,Markdown conversion may merge blocks.,candidate_focal,core_keep,legacy_implemented,core_general_content_features_v1,not_started,false,pending_human_threshold,not yet reviewed for Core-General model v1,Validate against HTML blocks in both languages.,,core_general_table_registry_schema_v2
median_sentence_length_words,median_sentence_length_words,,canonical,,not_table_related,not_applicable,core_general,writing_structure,primitive,Median segmented sentence length.,median(words per sentence),page_text,sentence segmentation,continuous_or_spline,high,language-aware segmentation,Missing means insufficient segmented sentences.,general,high,safe_pre_outcome,language; genre,Tokenization differs across Thai and English.,candidate_focal,core_keep,legacy_implemented,core_general_content_features_v1,not_started,false,pending_human_threshold,not yet reviewed for Core-General model v1,Validate tokenization and inspect nonlinear shape.,,core_general_table_registry_schema_v2
p90_sentence_length_words,p90_sentence_length_words,,canonical,,not_table_related,not_applicable,core_general,writing_structure,primitive,Upper-tail sentence length.,p90(words per sentence),page_text,sentence segmentation,continuous_or_bins,high,language-aware segmentation,Missing means insufficient sentences.,general,high,safe_pre_outcome,language; genre,Sparse pages produce unstable quantiles.,diagnostic_or_sensitivity,core_keep,legacy_implemented,core_general_content_features_v1,not_started,false,pending_human_threshold,not yet reviewed for Core-General model v1,Set a minimum sentence count before reporting.,,core_general_table_registry_schema_v2
paragraph_count,paragraph_count,,canonical,,not_table_related,not_applicable,core_general,writing_structure,primitive,Number of preserved content paragraphs.,count(content paragraph blocks),html_dom_or_markdown,paragraph blocks,count_or_log2,medium,block boundaries preserved,Missing means paragraph boundaries were unavailable.,general,high,safe_pre_outcome,length; template,Flattened text destroys paragraph boundaries.,candidate_focal,core_keep,implemented_partial,core_general_content_features_v1,not_started,false,pending_human_threshold,not yet reviewed for Core-General model v1,Compare HTML and Markdown paragraph boundaries.,,core_general_table_registry_schema_v2
sentence_count,sentence_count,,canonical,,not_table_related,not_applicable,core_general,writing_structure,primitive,Number of segmented sentences in measurable page text.,count(segmented sentences),page_text,page text and segmenter,count_or_log2,high,language-aware segmentation,Missing means sentence segmentation was unavailable.,general,high,safe_pre_outcome,length; language; page type,Thai sentence boundaries are uncertain.,candidate_focal_or_diagnostic,core_keep,legacy_implemented,core_general_content_features_v1,not_started,false,pending_human_threshold,not yet reviewed for Core-General model v1,Benchmark Thai and English segmentation separately.,,core_general_table_registry_schema_v2
answer_similarity,answer_similarity,,canonical,,not_table_related,not_applicable,excluded,leakage,derived,Any page-answer similarity or overlap measure.,forbidden,answer_text,answer text and page,none,high,not_allowed,Not applicable.,outcome_derived,none,forbidden_answer_derived,post-outcome information,Direct leakage into citation analysis.,excluded,exclude_leakage,legacy_implemented,core_general_content_features_v1,not_started,false,pending_human_threshold,not yet reviewed for Core-General model v1,Formula guardrail must reject all aliases.,,core_general_table_registry_schema_v2
domain_citation_rate,domain_citation_rate,,canonical,,not_table_related,not_applicable,excluded,leakage,derived,Domain-level citation-rate proxy.,forbidden,citation_outcome,cited labels,none,low,not_allowed,Not applicable.,outcome_derived,none,forbidden_outcome_derived,domain identity,Directly encodes the outcome.,excluded,exclude_leakage,legacy_implemented,core_general_content_features_v1,not_started,false,pending_human_threshold,not yet reviewed for Core-General model v1,"Reject raw, leave-one-out and smoothed aliases.",,core_general_table_registry_schema_v2
source_position_or_observed_rank,source_position_or_observed_rank,,canonical,,not_table_related,not_applicable,excluded,leakage,primitive,Source position or observed rank in the surfaced output.,forbidden in headline content model,post_surface_output,position/rank,none,low,not_allowed_in_main,Not applicable.,outcome_process,none,forbidden_main_model,ranking process,Post-selection and potentially post-answer information.,diagnostic_only_if_separately_approved,exclude_leakage,legacy_implemented,core_general_content_features_v1,not_started,false,pending_human_threshold,not yet reviewed for Core-General model v1,Formula guardrail must reject main-model use.,,core_general_table_registry_schema_v2
location_transit_specificity_score,location_transit_specificity_score,,canonical,,not_table_related,not_applicable,vertical_specific,real_estate_location,composite,Transit and location specificity for real estate.,existing real-estate rule,page_text,location/transit dictionary,bounded_score,high,vertical parser,Missing means feature was unavailable.,real_estate,low_outside_vertical,safe_but_topic_specific,prompt geography; property page type,Area and transit dictionaries are market-specific.,vertical_extension_only,pause_vertical_specific,legacy_implemented,core_general_content_features_v1,not_started,false,pending_human_threshold,not yet reviewed for Core-General model v1,Freeze existing condo implementation; exclude from Core-General.,,core_general_table_registry_schema_v2
prompt_area_keyword_match,prompt_area_keyword_match,,canonical,,not_table_related,not_applicable,vertical_specific,real_estate_location,composite,Prompt-page overlap on predefined condo area names.,existing area dictionary match,prompt_and_page_text,area-name registry,binary,high,vertical dictionary,Missing means prompt/page was unavailable.,real_estate_local,none_outside_vertical,safe_but_topic_specific,prompt geography,Dictionary is SCOPE/area specific.,vertical_extension_only,pause_vertical_specific,legacy_implemented,core_general_content_features_v1,not_started,false,pending_human_threshold,not yet reviewed for Core-General model v1,Exclude from Core-General and preserve in real-estate extension.,,core_general_table_registry_schema_v2
amenity_project_detail_score,amenity_project_detail_score,,canonical,,not_table_related,not_applicable,vertical_specific,real_estate_project,composite,Amenities and project/developer specificity.,existing real-estate rule,page_text,amenity/project dictionary,bounded_score,high,vertical parser,Missing means feature was unavailable.,real_estate,low_outside_vertical,safe_but_topic_specific,listing/project page function,Confounds product category with detail.,vertical_extension_only,pause_vertical_specific,legacy_implemented,core_general_content_features_v1,not_started,false,pending_human_threshold,not yet reviewed for Core-General model v1,Freeze existing condo implementation; exclude from Core-General.,,core_general_table_registry_schema_v2
vertical_specific_unit_detail_score,vertical_specific_unit_detail_score,,canonical,,not_table_related,not_applicable,vertical_specific,real_estate_units,composite,Real-estate unit-size and layout detail formerly mixed with price.,versioned real-estate unit dictionary,page_text_or_tables,"sqm, bedroom, floor-plan and unit primitives",bounded_score,high,vertical parser,Missing means vertical detail was unavailable.,real_estate,low_outside_vertical,safe_but_topic_specific,property page type,No cross-industry meaning.,vertical_extension_only,pause_vertical_specific,legacy_implemented,core_general_content_features_v1,not_started,false,pending_human_threshold,not yet reviewed for Core-General model v1,Split from price detail and preserve under real-estate extension.,,core_general_table_registry_schema_v2
real_estate_table_contains_bedroom_mix,real_estate_table_contains_bedroom_mix,,canonical,,table_level,max/count only inside paused real-estate vertical extension,vertical_specific,table_real_estate,primitive,"Bedroom, studio, duplex, penthouse, or unit-mix details.",versioned real-estate table dictionary rule,table_cells_and_vertical_unit_registry,table cells and real-estate vertical registry,binary_or_count,high,vertical extension parser,NA means required table evidence was unmeasured; 0 is allowed only after verified absence.,real_estate,low_outside_vertical,safe_but_topic_specific,real-estate page function; inventory; market,Vertical vocabulary has no universal Core-General interpretation.,vertical_extension_only,pause_vertical_specific,planned_not_implemented,core_general_table_taxonomy_v1,pending_human_threshold,false,pending_human_threshold,table extraction and classification QA not yet passed,Preserve under vertical_extensions/real_estate and exclude from Core-General models.,Must not activate Core-General table specifications solely from vertical-unit matches.,core_general_table_registry_schema_v2
real_estate_table_contains_floor_plan,real_estate_table_contains_floor_plan,,canonical,,table_level,max/count only inside paused real-estate vertical extension,vertical_specific,table_real_estate,primitive,Floor-plan or layout details.,versioned real-estate table dictionary rule,table_cells_and_vertical_unit_registry,table cells and real-estate vertical registry,binary_or_count,high,vertical extension parser,NA means required table evidence was unmeasured; 0 is allowed only after verified absence.,real_estate,low_outside_vertical,safe_but_topic_specific,real-estate page function; inventory; market,Vertical vocabulary has no universal Core-General interpretation.,vertical_extension_only,pause_vertical_specific,planned_not_implemented,core_general_table_taxonomy_v1,pending_human_threshold,false,pending_human_threshold,table extraction and classification QA not yet passed,Preserve under vertical_extensions/real_estate and exclude from Core-General models.,Must not activate Core-General table specifications solely from vertical-unit matches.,core_general_table_registry_schema_v2
real_estate_table_contains_price_per_area,real_estate_table_contains_price_per_area,,canonical,,table_level,max/count only inside paused real-estate vertical extension,vertical_specific,table_real_estate,primitive,Price-per-area details using real-estate units.,versioned real-estate table dictionary rule,table_cells_and_vertical_unit_registry,table cells and real-estate vertical registry,binary_or_count,high,vertical extension parser,NA means required table evidence was unmeasured; 0 is allowed only after verified absence.,real_estate,low_outside_vertical,safe_but_topic_specific,real-estate page function; inventory; market,Vertical vocabulary has no universal Core-General interpretation.,vertical_extension_only,pause_vertical_specific,planned_not_implemented,core_general_table_taxonomy_v1,pending_human_threshold,false,pending_human_threshold,table extraction and classification QA not yet passed,Preserve under vertical_extensions/real_estate and exclude from Core-General models.,Must not activate Core-General table specifications solely from vertical-unit matches.,core_general_table_registry_schema_v2
real_estate_table_contains_project_inventory,real_estate_table_contains_project_inventory,,canonical,,table_level,max/count only inside paused real-estate vertical extension,vertical_specific,table_real_estate,primitive,Project-specific unit inventory details.,versioned real-estate table dictionary rule,table_cells_and_vertical_unit_registry,table cells and real-estate vertical registry,binary_or_count,high,vertical extension parser,NA means required table evidence was unmeasured; 0 is allowed only after verified absence.,real_estate,low_outside_vertical,safe_but_topic_specific,real-estate page function; inventory; market,Vertical vocabulary has no universal Core-General interpretation.,vertical_extension_only,pause_vertical_specific,planned_not_implemented,core_general_table_taxonomy_v1,pending_human_threshold,false,pending_human_threshold,table extraction and classification QA not yet passed,Preserve under vertical_extensions/real_estate and exclude from Core-General models.,Must not activate Core-General table specifications solely from vertical-unit matches.,core_general_table_registry_schema_v2
real_estate_table_contains_unit_size,real_estate_table_contains_unit_size,,canonical,,table_level,max/count only inside paused real-estate vertical extension,vertical_specific,table_real_estate,primitive,Real-estate unit-size details such as sqm or square metres.,versioned real-estate table dictionary rule,table_cells_and_vertical_unit_registry,table cells and real-estate vertical registry,binary_or_count,high,vertical extension parser,NA means required table evidence was unmeasured; 0 is allowed only after verified absence.,real_estate,low_outside_vertical,safe_but_topic_specific,real-estate page function; inventory; market,Vertical vocabulary has no universal Core-General interpretation.,vertical_extension_only,pause_vertical_specific,planned_not_implemented,core_general_table_taxonomy_v1,pending_human_threshold,false,pending_human_threshold,table extraction and classification QA not yet passed,Preserve under vertical_extensions/real_estate and exclude from Core-General models.,Must not activate Core-General table specifications solely from vertical-unit matches.,core_general_table_registry_schema_v2
has_main_content_unordered_list,has_main_content_unordered_list,,canonical,,page_level,URL-level value joined to surfaced source appearances,core_general,writing_structure,primitive,Valid unordered list in filtered main content.,I(valid <ul> has at least two visible non-empty direct <li> items),filtered main-content HTML; generated Markdown only when HTML is unavailable,main-content HTML or structurally reliable generated Markdown,nullable_binary,low,HTML DOM filtering and visibility checks; Markdown list-block fallback,NA means neither reliable HTML nor generated Markdown structure was available; 0 means measured absence.,general,high,safe_pre_outcome,domain; template; page function; extraction quality,Main-content selection errors; JavaScript-rendered HTML gaps; malformed markup.,approved_component_or_focal,core_keep,implemented_validated,document_structure_v2,qa_passed,true,distribution; missingness; within-prompt variation; evidence review,,"Representative positive, negative, and unmeasured examples; compare HTML or Markdown evidence.","Navigation, header, footer, aside, cookie, hidden, related-link, and other page-chrome lists are excluded.",structured_list_registry_v2
has_main_content_ordered_list,has_main_content_ordered_list,,canonical,,page_level,URL-level value joined to surfaced source appearances,core_general,writing_structure,primitive,Valid ordered list in filtered main content.,I(valid <ol> has at least two visible non-empty direct <li> items),filtered main-content HTML; generated Markdown only when HTML is unavailable,main-content HTML or structurally reliable generated Markdown,nullable_binary,low,HTML DOM filtering and visibility checks; Markdown ordered-list-block fallback,NA means neither reliable HTML nor generated Markdown structure was available; 0 means measured absence.,general,high,safe_pre_outcome,domain; template; page function; extraction quality,Main-content selection errors; JavaScript-rendered HTML gaps; malformed markup.,approved_component_or_focal,core_keep,implemented_validated,document_structure_v2,qa_passed,true,distribution; missingness; within-prompt variation; evidence review,,"Representative positive, negative, and unmeasured examples; compare HTML or Markdown evidence.","Navigation, header, footer, aside, cookie, hidden, related-link, and other page-chrome lists are excluded.",structured_list_registry_v2
writing_structure_score_v2,writing_structure_score_v2,,deprecated_alias,writing_structure_score_v3,page_level,URL-level value joined to surfaced source appearances,core_general,writing_structure,composite,Superseded six-component structural organization proxy.,has_main_content_unordered_list + has_main_content_ordered_list + has_faq_pattern + has_question_answer_structure + opening_has_summary_signal + opening_has_direct_answer_signal,document_structure_v2 plus writing_factual_density_v1,all six historical binary components,nullable_integer_0_to_6,low,Historical complete-component rule.,NA when any component is unmeasured.,general,high,safe_pre_outcome,domain; template; page function; extraction quality,FAQ and Q&A were identical and therefore double-counted.,historical_only,diagnostic_only,legacy_implemented,writing_structure_v2,qa_failed,false,historical_reproducibility,Perfect redundancy found in governed sample.,Do not use in active LPM.,Superseded by writing_structure_score_v3.,structured_list_registry_v3
writing_structure_score_v3,writing_structure_score_v3,,canonical,,page_level,URL-level value joined to surfaced source appearances,core_general,writing_structure,composite,Five-component answer-oriented structural organization proxy.,has_main_content_unordered_list + has_main_content_ordered_list + has_faq_pattern + opening_has_summary_signal + opening_has_direct_answer_signal,document_structure_v2 plus writing_factual_density_v1,all five active governed binary components,nullable_integer_0_to_5,low,All five components measured; no missing-to-zero conversion,NA when any component is unmeasured.,general,high,safe_pre_outcome,domain; template; page function; extraction quality,Mixes HTML structure with text-pattern signals; domain/template confounding; not total writing quality.,approved_component_or_focal,core_keep,implemented_validated,writing_structure_v3,qa_passed,true,distribution; missingness; within-prompt variation; evidence review,,"Representative positive, negative, and unmeasured examples; compare HTML or Markdown evidence.",Q&A excluded because it duplicated FAQ exactly; active FE1-FE4 writing feature.,structured_list_registry_v3
has_direct_answer_gemini_v1,has_direct_answer_gemini_v1,,canonical,,page_level,URL-level value joined to surfaced source appearances,core_general,semantic_writing_structure,primitive_classification,Direct answer content detected in filtered main-content blocks.,I(successful Gemini classification detects direct-answer content),gemini_position_semantic_prompt_v2_20260803,filtered main-content blocks,nullable_binary,medium,successful Gemini semantic classification,NA means classification failed or content blocks were unavailable; 0 means successfully measured absence.,general,high,safe_pre_outcome,domain; template; page function; topic; extraction quality,LLM classification error; truncation; language variation; non-random measurement availability.,approved_focal,core_keep,implemented_validated,gemini_position_semantic_prompt_v2_20260803,qa_passed,true,distribution; missingness; within-prompt variation; manual evidence review,,Manual positive and negative page review; retain model-sample audit.,Confidence counts and page-relative positions are diagnostic-only.,core_general_semantic_registry_v1
has_definition_gemini_v1,has_definition_gemini_v1,,canonical,,page_level,URL-level value joined to surfaced source appearances,core_general,semantic_writing_structure,primitive_classification,Definition content detected in filtered main-content blocks.,I(successful Gemini classification detects definition content),gemini_position_semantic_prompt_v2_20260803,filtered main-content blocks,nullable_binary,medium,successful Gemini semantic classification,NA means classification failed or content blocks were unavailable; 0 means successfully measured absence.,general,high,safe_pre_outcome,domain; template; page function; topic; extraction quality,LLM classification error; truncation; language variation; non-random measurement availability.,approved_focal,core_keep,implemented_validated,gemini_position_semantic_prompt_v2_20260803,qa_passed,true,distribution; missingness; within-prompt variation; manual evidence review,,Manual positive and negative page review; retain model-sample audit.,Confidence counts and page-relative positions are diagnostic-only.,core_general_semantic_registry_v1
has_comparison_gemini_v1,has_comparison_gemini_v1,,canonical,,page_level,URL-level value joined to surfaced source appearances,core_general,semantic_writing_structure,primitive_classification,Comparison content detected in filtered main-content blocks.,I(successful Gemini classification detects comparison content),gemini_position_semantic_prompt_v2_20260803,filtered main-content blocks,nullable_binary,medium,successful Gemini semantic classification,NA means classification failed or content blocks were unavailable; 0 means successfully measured absence.,general,high,safe_pre_outcome,domain; template; page function; topic; extraction quality,LLM classification error; truncation; language variation; non-random measurement availability.,approved_focal,core_keep,implemented_validated,gemini_position_semantic_prompt_v2_20260803,qa_passed,true,distribution; missingness; within-prompt variation; manual evidence review,,Manual positive and negative page review; retain model-sample audit.,Confidence counts and page-relative positions are diagnostic-only.,core_general_semantic_registry_v1
has_steps_gemini_v1,has_steps_gemini_v1,,canonical,,page_level,URL-level value joined to surfaced source appearances,core_general,semantic_writing_structure,primitive_classification,Procedural or step-by-step content detected in filtered main-content blocks.,I(successful Gemini classification detects procedural steps),gemini_position_semantic_prompt_v2_20260803,filtered main-content blocks,nullable_binary,medium,successful Gemini semantic classification,NA means classification failed or content blocks were unavailable; 0 means successfully measured absence.,general,high,safe_pre_outcome,domain; template; page function; topic; extraction quality,LLM classification error; truncation; language variation; non-random measurement availability.,approved_focal,core_keep,implemented_validated,gemini_position_semantic_prompt_v2_20260803,qa_passed,true,distribution; missingness; within-prompt variation; manual evidence review,,Manual positive and negative page review; retain model-sample audit.,Confidence counts and page-relative positions are diagnostic-only.,core_general_semantic_registry_v1
has_numeric_evidence_gemini_v1,has_numeric_evidence_gemini_v1,,canonical,,page_level,URL-level value joined to surfaced source appearances,core_general,semantic_evidence_structure,primitive_classification,Numeric evidence content detected in filtered main-content blocks.,I(successful Gemini classification detects numeric evidence),gemini_position_semantic_prompt_v2_20260803,filtered main-content blocks,nullable_binary,medium,successful Gemini semantic classification,NA means classification failed or content blocks were unavailable; 0 means successfully measured absence.,general,high,safe_pre_outcome,domain; template; page function; topic; extraction quality,LLM classification error; truncation; language variation; overlaps but does not duplicate deterministic numeric density.,approved_focal,core_keep,implemented_validated,gemini_position_semantic_prompt_v2_20260803,qa_passed,true,distribution; missingness; within-prompt variation; manual evidence review,,Manual positive and negative page review; retain model-sample audit.,Confidence counts and page-relative positions are diagnostic-only.,core_general_semantic_registry_v1
has_question_heading_gemini_v1,has_question_heading_gemini_v1,,canonical,,page_level,URL-level value joined to surfaced source appearances,core_general,semantic_writing_structure,primitive_classification,Question-form heading detected in filtered main-content blocks.,I(successful Gemini classification detects a question-form heading),gemini_position_semantic_prompt_v2_20260803,filtered main-content blocks,nullable_binary,medium,successful Gemini semantic classification,NA means classification failed or content blocks were unavailable; 0 means successfully measured absence.,general,high,safe_pre_outcome,domain; template; page function; topic; extraction quality,LLM classification error; truncation; language variation; heading extraction quality.,approved_focal,core_keep,implemented_validated,gemini_position_semantic_prompt_v2_20260803,qa_passed,true,distribution; missingness; within-prompt variation; manual evidence review,,Manual positive and negative page review; retain model-sample audit.,Confidence counts and page-relative positions are diagnostic-only.,core_general_semantic_registry_v1
