feature_name,feature_family,subfamily,feature_type,granularity,source_input,transformation,interpretation,generality_scope,proposed_model_role,current_qa_status,approved_for_model_v1,model_entry_blocker,leakage_status,version
contact_access_signal,Commerce-General,commerce_action,nullable_binary_or_categorical,page_level,"Input C: scraper/page evidence (contact links, forms, controls, and visible text)",nullable_binary_or_categorical,"Visible access to contact, enquiry, consultation, or request-information actions.",commerce,optional Commerce-General module,pending_human_threshold,False,extraction and aggregation QA not yet passed,safe_pre_outcome,core_general_table_registry_schema_v2
transactional_action_signal,Commerce-General,commerce_action,nullable_binary_or_categorical,page_level,"Input C: scraper/page evidence (page controls, links, forms, and visible text)",nullable_binary_or_categorical,"Visible action to purchase, subscribe, book, enroll, or start a service.",commerce,optional Commerce-General module,pending_human_threshold,False,extraction and aggregation QA not yet passed,safe_pre_outcome,core_general_table_registry_schema_v2
commercial_offer_comparison_signal,Commerce-General,commerce_comparison,nullable_binary_or_score,page_level,"Input C: scraper/page evidence (comparison tables, headings, and page text)",nullable_binary_or_score,"Comparison of products, services, providers, plans, or commercial offers.",commerce,optional Commerce-General module,pending_human_threshold,False,extraction and aggregation QA not yet passed,safe_pre_outcome,core_general_table_registry_schema_v2
availability_signal,Commerce-General,commerce_detail,categorical_or_binary,not_table_related,Input C: scraper/page evidence (text and structured data),categorical_or_binary,"Visible stock, booking, service or enrollment availability.",commerce,optional Commerce-General module,not_started,False,not yet reviewed for Core-General model v1,safe_pre_outcome,core_general_table_registry_schema_v2
price_detail_score,Commerce-General,commerce_detail,bounded_score,not_table_related,"Input C: scraper/page evidence (currency, amount, range and price-label primitives)",bounded_score,General price/currency/range/detail signal for commercial pages.,commerce,optional Commerce-General module,not_started,False,not yet reviewed for Core-General model v1,safe_pre_outcome,core_general_table_registry_schema_v2
rating_review_signal,Commerce-General,commerce_trust,categorical_or_score,not_table_related,Input C: scraper/page evidence (ratings/reviews primitives),categorical_or_score,"Visible rating value, rating count or review structure.",commerce,optional Commerce-General module,not_started,False,not yet reviewed for Core-General model v1,safe_pre_outcome,core_general_table_registry_schema_v2
currency_price_mention_count,Commerce-General,factual specificity,count,not_in_current_dataset,Input C: scraper/page evidence (proposed_writing),page text only,THB/baht/price mentions Model interpretation: binary plus log2 count,commerce cross-topic,optional Commerce-General module,proposed_or_dictionary_only,False,redesigned model-entry QA and human approval required,legacy_risk_requires_validation,master_inventory_2026_07_18
has_price_detail,Commerce-General,factual_numeric,regex_count_or_composite,source_appearance,Input C: scraper/page evidence (writing_factual),Bilingual deterministic regex counts; factual_numeric_density_score = capped numeric tokens/1000 words + percent/year/range indicators + log1p(measurements); price_unit_detail_score = price/unit indicators + log1p price and unit counts.,Factual and numerical specificity observed in the captured page text. Model interpretation: priority_screening_candidate,commerce cross-topic,optional Commerce-General module,extracted_writing_feature,False,redesigned model-entry QA and human approval required,safe_pre_outcome,master_inventory_2026_07_18
pricing_or_plan_table_count,Commerce-General,table_commerce,binary_or_count,page_level,Input C: scraper/page evidence (preserved HTML/Markdown table evidence),binary_or_count,Page count of pricing_or_plan primary tables.,commerce,optional Commerce-General module,pending_human_threshold,False,table extraction and classification QA not yet passed,safe_pre_outcome,core_general_table_registry_schema_v2
table_has_availability,Commerce-General,table_commerce,binary_or_count,table_level,Input C: scraper/page evidence (preserved HTML/Markdown table evidence),binary_or_count,"Table presents stock, booking, service, or enrollment availability.",commerce,optional Commerce-General module,pending_human_threshold,False,table extraction and classification QA not yet passed,safe_pre_outcome,core_general_table_registry_schema_v2
table_has_commercial_offer_comparison,Commerce-General,table_commerce,binary_or_count,table_level,Input C: scraper/page evidence (preserved HTML/Markdown table evidence),binary_or_count,"Table compares commercial offers, products, plans, or providers.",commerce,optional Commerce-General module,pending_human_threshold,False,table extraction and classification QA not yet passed,safe_pre_outcome,core_general_table_registry_schema_v2
table_has_price,Commerce-General,table_commerce,binary_or_count,table_level,Input C: scraper/page evidence (preserved HTML/Markdown table evidence),binary_or_count,Table contains explicit price or currency details.,commerce,optional Commerce-General module,pending_human_threshold,False,table extraction and classification QA not yet passed,safe_pre_outcome,core_general_table_registry_schema_v2
table_has_pricing_plan,Commerce-General,table_commerce,binary_or_count,table_level,Input C: scraper/page evidence (preserved HTML/Markdown table evidence),binary_or_count,"Table presents commercial plans, tiers, or packages.",commerce,optional Commerce-General module,pending_human_threshold,False,table extraction and classification QA not yet passed,safe_pre_outcome,core_general_table_registry_schema_v2
table_has_rating_or_review,Commerce-General,table_commerce,binary_or_count,table_level,Input C: scraper/page evidence (preserved HTML/Markdown table evidence),binary_or_count,"Table presents ratings, review counts, or review summaries.",commerce,optional Commerce-General module,pending_human_threshold,False,table extraction and classification QA not yet passed,safe_pre_outcome,core_general_table_registry_schema_v2
table_has_transactional_structure,Commerce-General,table_content,binary_or_count,table_level,Input C: scraper/page evidence (preserved HTML/Markdown table evidence),binary_or_count,Table contains form-like or transaction-action structure.,general,optional Commerce-General module,pending_human_threshold,False,table extraction and classification QA not yet passed,safe_pre_outcome,core_general_table_registry_schema_v2
has_any_transactional_or_form_table,Commerce-General,table_page_aggregate,nullable_binary_or_count,page_level,Input C: scraper/page evidence (measured table-level records),nullable_binary_or_count,Page has at least one transactional/form table.,general,optional Commerce-General module,pending_human_threshold,False,extraction and aggregation QA not yet passed,safe_pre_outcome,core_general_table_registry_schema_v2
transactional_or_form_table_count,Commerce-General,table_page_aggregate,nullable_binary_or_count,page_level,Input C: scraper/page evidence (measured table-level records),nullable_binary_or_count,Count of transactional/form tables.,general,optional Commerce-General module,pending_human_threshold,False,extraction and aggregation QA not yet passed,safe_pre_outcome,core_general_table_registry_schema_v2
definition_pattern_flag,Core-General,answerability,binary,not_in_current_dataset,Input C: scraper/page evidence (proposed_writing),first content block,Page begins with an explicit definition/explanation Model interpretation: binary,cross-topic,Core-General candidate; requires QA and human approval,proposed_or_dictionary_only,False,redesigned model-entry QA and human approval required,legacy_risk_requires_validation,master_inventory_2026_07_18
faq_schema_flag,Core-General,answerability,binary,not_in_current_dataset,Input C: scraper/page evidence (proposed_writing),structured data,FAQPage structured data Model interpretation: binary,cross-topic,Core-General candidate; requires QA and human approval,proposed_or_dictionary_only,False,redesigned model-entry QA and human approval required,legacy_risk_requires_validation,master_inventory_2026_07_18
opening_summary_flag,Core-General,answerability,binary,not_in_current_dataset,Input C: scraper/page evidence (proposed_writing),first content block,Opening section gives a concise summary before detail Model interpretation: binary,cross-topic,Core-General candidate; requires QA and human approval,proposed_or_dictionary_only,False,redesigned model-entry QA and human approval required,legacy_risk_requires_validation,master_inventory_2026_07_18
avg_paragraph_words,Core-General,clarity,continuous,not_in_current_dataset,Input C: scraper/page evidence (proposed_writing),paragraph blocks,Average words per paragraph Model interpretation: spline or bins,cross-topic,Core-General candidate; requires QA and human approval,proposed_or_dictionary_only,False,redesigned model-entry QA and human approval required,legacy_risk_requires_validation,master_inventory_2026_07_18
avg_sentence_length,Core-General,clarity,continuous,not_in_current_dataset,Input C: scraper/page evidence (proposed_writing),page text only,Average tokens per sentence Model interpretation: spline or bins,cross-topic,Core-General candidate; requires QA and human approval,proposed_or_dictionary_only,False,redesigned model-entry QA and human approval required,legacy_risk_requires_validation,master_inventory_2026_07_18
generated_markdown_path,Core-General,content_evidence_and_provenance,text_or_provenance,source_appearance | url,Input C: scraper/page evidence (document_structure),Extracted from HTML/DOM.,Filesystem path to the stored generated markdown audit artifact. Model interpretation: diagnostic_only,cross-topic,Core-General diagnostic/candidate; requires QA and human approval,extracted_document_feature_not_yet_modeled,False,redesigned model-entry QA and human approval required,safe_pre_outcome,master_inventory_2026_07_18
meta_description,Core-General,content_evidence_and_provenance,text,url,Input C: scraper/page evidence (actual_dataset_schema),See the producing module; no standalone rule is documented yet.,Pipeline field representing meta description. See source-layer and caveat columns before model use. Model interpretation: Pipeline field representing meta description. See source-layer and caveat columns before model use.,cross-topic,Core-General diagnostic/candidate; requires QA and human approval,active_pipeline_field,False,redesigned model-entry QA and human approval required,safe_pre_outcome,master_inventory_2026_07_18
page_text_excerpt,Core-General,content_evidence_and_provenance,text,source_appearance | url,Input C: scraper/page evidence (actual_dataset_schema),See the producing module; no standalone rule is documented yet.,Pipeline field representing page text excerpt. See source-layer and caveat columns before model use. Model interpretation: Pipeline field representing page text excerpt. See source-layer and caveat columns before model use.,cross-topic,Core-General diagnostic/candidate; requires QA and human approval,active_pipeline_field,False,redesigned model-entry QA and human approval required,safe_pre_outcome,master_inventory_2026_07_18
page_title,Core-General,content_evidence_and_provenance,text,url,Input C: scraper/page evidence (actual_dataset_schema),See the producing module; no standalone rule is documented yet.,Pipeline field representing page title. See source-layer and caveat columns before model use. Model interpretation: Pipeline field representing page title. See source-layer and caveat columns before model use.,cross-topic,Core-General diagnostic/candidate; requires QA and human approval,active_pipeline_field,False,redesigned model-entry QA and human approval required,safe_pre_outcome,master_inventory_2026_07_18
url_description,Core-General,content_evidence_and_provenance,text,source_appearance,Input C: scraper/page evidence (actual_dataset_schema),See the producing module; no standalone rule is documented yet.,Pipeline field representing url description. See source-layer and caveat columns before model use. Model interpretation: Pipeline field representing url description. See source-layer and caveat columns before model use.,cross-topic,Core-General diagnostic/candidate; requires QA and human approval,active_pipeline_field,False,redesigned model-entry QA and human approval required,safe_pre_outcome,master_inventory_2026_07_18
url_title,Core-General,content_evidence_and_provenance,text,source_appearance,Input C: scraper/page evidence (actual_dataset_schema),See the producing module; no standalone rule is documented yet.,Pipeline field representing url title. See source-layer and caveat columns before model use. Model interpretation: Pipeline field representing url title. See source-layer and caveat columns before model use.,cross-topic,Core-General diagnostic/candidate; requires QA and human approval,active_pipeline_field,False,redesigned model-entry QA and human approval required,safe_pre_outcome,master_inventory_2026_07_18
content_chars,Core-General,content_length_and_text,numeric_count,source_appearance | url,Input C: scraper/page evidence (actual_dataset_schema),See the producing module; no standalone rule is documented yet.,Pipeline field representing content chars. See source-layer and caveat columns before model use. Model interpretation: Pipeline field representing content chars. See source-layer and caveat columns before model use.,cross-topic,Core-General diagnostic/candidate; requires QA and human approval,active_pipeline_field,False,redesigned model-entry QA and human approval required,safe_pre_outcome,master_inventory_2026_07_18
full_body_chars,Core-General,content_length_and_text,numeric,source_appearance | url,Input C: scraper/page evidence (document_structure),Extracted from HTML/DOM.,Pipeline field representing full body chars. See source-layer and caveat columns before model use. Model interpretation: candidate_after_eda,cross-topic,Core-General candidate; requires QA and human approval,extracted_document_feature_not_yet_modeled,False,redesigned model-entry QA and human approval required,safe_pre_outcome,master_inventory_2026_07_18
full_body_text,Core-General,content_length_and_text,text,url,Input C: scraper/page evidence (actual_dataset_schema),See the producing module; no standalone rule is documented yet.,Full visible body text extracted from archived HTML after script/style noise removal. Model interpretation: Full visible body text extracted from archived HTML after script/style noise removal.,cross-topic,Core-General diagnostic/candidate; requires QA and human approval,active_pipeline_field,False,redesigned model-entry QA and human approval required,safe_pre_outcome,master_inventory_2026_07_18
full_body_text_path,Core-General,content_length_and_text,text_or_provenance,source_appearance | url,Input C: scraper/page evidence (document_structure),Extracted from HTML/DOM.,Filesystem path to the stored full body text audit artifact. Model interpretation: diagnostic_only,cross-topic,Core-General diagnostic/candidate; requires QA and human approval,extracted_document_feature_not_yet_modeled,False,redesigned model-entry QA and human approval required,safe_pre_outcome,master_inventory_2026_07_18
full_body_word_count,Core-General,content_length_and_text,numeric,source_appearance | url,Input C: scraper/page evidence (document_structure),Extracted from HTML/DOM.,Count of full body word observed in the relevant extracted page representation. Model interpretation: candidate_after_eda,cross-topic,Core-General candidate; requires QA and human approval,extracted_document_feature_not_yet_modeled,False,redesigned model-entry QA and human approval required,safe_pre_outcome,master_inventory_2026_07_18
log2_word_count_plus1_winsorized_p99,Core-General,content_length_and_text,continuous log2,source_appearance,Input C: scraper/page evidence (current_lpm),continuous log2,Page length after capping word count at the measurable-sample 99th percentile Model interpretation: Compare with the preferred log2 word-count coefficient to assess tail influence,cross-topic,Core-General diagnostic/candidate; requires QA and human approval,modeled_current_lpm,False,redesigned model-entry QA and human approval required,legacy_risk_low_or_controlled,current_lpm_legacy
main_content_chars,Core-General,content_length_and_text,numeric,source_appearance | url,Input C: scraper/page evidence (document_structure),Extracted from HTML/DOM.,Pipeline field representing main content chars. See source-layer and caveat columns before model use. Model interpretation: candidate_after_eda,cross-topic,Core-General candidate; requires QA and human approval,extracted_document_feature_not_yet_modeled,False,redesigned model-entry QA and human approval required,safe_pre_outcome,master_inventory_2026_07_18
main_content_ratio,Core-General,content_length_and_text,numeric,source_appearance | url,Input C: scraper/page evidence (document_structure),Extracted from HTML/DOM.,Main-content characters divided by full-body characters. Model interpretation: candidate_after_eda,cross-topic,Core-General candidate; requires QA and human approval,extracted_document_feature_not_yet_modeled,False,redesigned model-entry QA and human approval required,safe_pre_outcome,master_inventory_2026_07_18
main_content_text,Core-General,content_length_and_text,text,url,Input C: scraper/page evidence (actual_dataset_schema),See the producing module; no standalone rule is documented yet.,Best-effort main article/page content extracted from main/article/content containers. Model interpretation: Best-effort main article/page content extracted from main/article/content containers.,cross-topic,Core-General diagnostic/candidate; requires QA and human approval,active_pipeline_field,False,redesigned model-entry QA and human approval required,safe_pre_outcome,master_inventory_2026_07_18
main_content_text_path,Core-General,content_length_and_text,text_or_provenance,source_appearance | url,Input C: scraper/page evidence (document_structure),Extracted from HTML/DOM.,Filesystem path to the stored main content text audit artifact. Model interpretation: diagnostic_only,cross-topic,Core-General diagnostic/candidate; requires QA and human approval,extracted_document_feature_not_yet_modeled,False,redesigned model-entry QA and human approval required,safe_pre_outcome,master_inventory_2026_07_18
main_content_word_count,Core-General,content_length_and_text,numeric,source_appearance | url,Input C: scraper/page evidence (document_structure),Extracted from HTML/DOM.,Count of main content word observed in the relevant extracted page representation. Model interpretation: candidate_after_eda,cross-topic,Core-General candidate; requires QA and human approval,extracted_document_feature_not_yet_modeled,False,redesigned model-entry QA and human approval required,safe_pre_outcome,master_inventory_2026_07_18
url_text_length_chars,Core-General,content_length_and_text,text,source_appearance,Input C: scraper/page evidence (actual_dataset_schema),See the producing module; no standalone rule is documented yet.,Pipeline field representing url text length chars. See source-layer and caveat columns before model use. Model interpretation: Pipeline field representing url text length chars. See source-layer and caveat columns before model use.,requires review,Core-General diagnostic/candidate; requires QA and human approval,active_pipeline_field,False,redesigned model-entry QA and human approval required,safe_pre_outcome,master_inventory_2026_07_18
url_text_length_words,Core-General,content_length_and_text,text,source_appearance,Input C: scraper/page evidence (actual_dataset_schema),See the producing module; no standalone rule is documented yet.,Pipeline field representing url text length words. See source-layer and caveat columns before model use. Model interpretation: Pipeline field representing url text length words. See source-layer and caveat columns before model use.,requires review,Core-General diagnostic/candidate; requires QA and human approval,active_pipeline_field,False,redesigned model-entry QA and human approval required,safe_pre_outcome,master_inventory_2026_07_18
word_count,Core-General,content_length_and_text,continuous count,source_appearance | url,Input C: scraper/page evidence (current_lpm),continuous count,Extracted words Model interpretation: Use for distributions and thresholds,cross-topic,Core-General diagnostic/candidate; requires QA and human approval,modeled_current_lpm,False,redesigned model-entry QA and human approval required,legacy_risk_low_or_controlled,current_lpm_legacy
word_count_group,Core-General,content_length_and_text,categorical_or_text,source_appearance,Input C: scraper/page evidence (actual_dataset_schema),See the producing module; no standalone rule is documented yet.,Pipeline field representing word count group. See source-layer and caveat columns before model use. Model interpretation: Pipeline field representing word count group. See source-layer and caveat columns before model use.,cross-topic,Core-General diagnostic/candidate; requires QA and human approval,active_pipeline_field,False,redesigned model-entry QA and human approval required,safe_pre_outcome,master_inventory_2026_07_18
word_count_top_1pct,Core-General,content_length_and_text,binary,source_appearance,Input C: scraper/page evidence (actual_dataset_schema),See the producing module; no standalone rule is documented yet.,Pipeline field representing word count top 1pct. See source-layer and caveat columns before model use. Model interpretation: Pipeline field representing word count top 1pct. See source-layer and caveat columns before model use.,cross-topic,Core-General diagnostic/candidate; requires QA and human approval,active_pipeline_field,False,redesigned model-entry QA and human approval required,safe_pre_outcome,master_inventory_2026_07_18
evidence_phrase_count,Core-General,external_evidence,url_regex_phrase_or_composite,source_appearance,Input C: scraper/page evidence (writing_factual),Raw URL/domain counts plus bilingual source/evidence phrases and an additive log1p composite.,"Visible external-evidence signals in captured webpage content, never AI-answer citations. Model interpretation: diagnostic_only_until_validated",cross-topic,Core-General diagnostic/candidate; requires QA and human approval,extracted_writing_feature,False,redesigned model-entry QA and human approval required,safe_pre_outcome,master_inventory_2026_07_18
external_citation_count,Core-General,external_evidence,count,not_in_current_dataset,Input C: scraper/page evidence (proposed_writing),resolved hrefs,Outbound links to external evidence Model interpretation: binary plus log2 count,requires review,Core-General diagnostic/candidate; requires QA and human approval,proposed_or_dictionary_only,False,redesigned model-entry QA and human approval required,legacy_risk_requires_validation,master_inventory_2026_07_18
external_evidence_score,Core-General,external_evidence,url_regex_phrase_or_composite,source_appearance,Input C: scraper/page evidence (writing_factual),has_external_evidence + log1p(external_link_count) + log1p(official_link_count) + log1p(source_reference_phrase_count + evidence_phrase_count),"Visible external-evidence signals in captured webpage content, never AI-answer citations. Model interpretation: diagnostic_only_until_validated",cross-topic,Core-General diagnostic/candidate; requires QA and human approval,extracted_writing_feature,False,redesigned model-entry QA and human approval required,safe_pre_outcome,master_inventory_2026_07_18
external_link_count,Core-General,external_evidence,count_or_log2,not_table_related,Input C: scraper/page evidence (resolved href destinations),count_or_log2,Count of content links to external root domains. Model interpretation: diagnostic_only_until_validated,general,Core-General diagnostic/candidate; requires QA and human approval,not_started,False,not yet reviewed for Core-General model v1,safe_pre_outcome,core_general_table_registry_schema_v2
has_external_evidence,Core-General,external_evidence,url_regex_phrase_or_composite,source_appearance,Input C: scraper/page evidence (writing_factual),Raw URL/domain counts plus bilingual source/evidence phrases and an additive log1p composite.,"Visible external-evidence signals in captured webpage content, never AI-answer citations. Model interpretation: diagnostic_only_until_validated",cross-topic,Core-General diagnostic/candidate; requires QA and human approval,extracted_writing_feature,False,redesigned model-entry QA and human approval required,safe_pre_outcome,master_inventory_2026_07_18
official_domain_link_count,Core-General,external_evidence,count_or_binary,not_table_related,Input C: scraper/page evidence (resolved hrefs and domain-role registry),count_or_binary,"Links to verified official, government, standards or institutional domains.",general,Core-General diagnostic/candidate; requires QA and human approval,not_started,False,not yet reviewed for Core-General model v1,safe_pre_outcome,core_general_table_registry_schema_v2
official_link_count,Core-General,external_evidence,url_regex_phrase_or_composite,source_appearance,Input C: scraper/page evidence (writing_factual),Raw URL/domain counts plus bilingual source/evidence phrases and an additive log1p composite.,"Visible external-evidence signals in captured webpage content, never AI-answer citations. Model interpretation: diagnostic_only_until_validated",cross-topic,Core-General diagnostic/candidate; requires QA and human approval,extracted_writing_feature,False,redesigned model-entry QA and human approval required,safe_pre_outcome,master_inventory_2026_07_18
source_reference_phrase_count,Core-General,external_evidence,url_regex_phrase_or_composite,source_appearance,Input C: scraper/page evidence (writing_factual),Raw URL/domain counts plus bilingual source/evidence phrases and an additive log1p composite.,"Visible external-evidence signals in captured webpage content, never AI-answer citations. Model interpretation: diagnostic_only_until_validated",cross-topic,Core-General diagnostic/candidate; requires QA and human approval,extracted_writing_feature,False,redesigned model-entry QA and human approval required,safe_pre_outcome,master_inventory_2026_07_18
unique_external_domain_count,Core-General,external_evidence,count_or_log2,not_table_related,Input C: scraper/page evidence (resolved external hrefs),count_or_log2,Unique external root domains linked from content.,general,Core-General diagnostic/candidate; requires QA and human approval,not_started,False,not yet reviewed for Core-General model v1,safe_pre_outcome,core_general_table_registry_schema_v2
external_link_domain_count,Core-General,external_evidence | link_structure,url_regex_phrase_or_composite | numeric,source_appearance | url,Input C: scraper/page evidence (writing_factual | document_structure),Raw URL/domain counts plus bilingual source/evidence phrases and an additive log1p composite. | Extracted from HTML/DOM.,"Visible external-evidence signals in captured webpage content, never AI-answer citations. | external link domain count Model interpretation: diagnostic_only_until_validated | candidate_after_eda",cross-topic,Core-General candidate; requires QA and human approval,extracted_writing_feature,False,redesigned model-entry QA and human approval required,safe_pre_outcome,master_inventory_2026_07_18
area_measurement_count,Core-General,factual specificity,count,not_in_current_dataset,Input C: scraper/page evidence (proposed_writing),page text only,"sqm, square metre, rai, unit-size mentions Model interpretation: binary plus log2 count",cross-topic,Core-General candidate; requires QA and human approval,proposed_or_dictionary_only,False,redesigned model-entry QA and human approval required,legacy_risk_requires_validation,master_inventory_2026_07_18
bed_bath_unit_count,Core-General,factual specificity,count,not_in_current_dataset,Input C: scraper/page evidence (proposed_writing),page text only,"Bedroom, bathroom, and unit-layout facts Model interpretation: binary plus count group",cross-topic,Core-General candidate; requires QA and human approval,proposed_or_dictionary_only,False,redesigned model-entry QA and human approval required,legacy_risk_requires_validation,master_inventory_2026_07_18
location_entity_count,Core-General,factual specificity,count,not_in_current_dataset,Input C: scraper/page evidence (proposed_writing),NER/dictionary,"Named neighborhoods, roads, stations, landmarks Model interpretation: log2 count",cross-topic,Core-General candidate; requires QA and human approval,proposed_or_dictionary_only,False,redesigned model-entry QA and human approval required,legacy_risk_requires_validation,master_inventory_2026_07_18
numeric_token_density,Core-General,factual specificity,continuous,not_in_current_dataset,Input C: scraper/page evidence (proposed_writing),page text only,"Numbers per 1,000 tokens Model interpretation: continuous or quartiles",cross-topic,Core-General candidate; requires QA and human approval,proposed_or_dictionary_only,False,redesigned model-entry QA and human approval required,legacy_risk_requires_validation,master_inventory_2026_07_18
transit_distance_count,Core-General,factual specificity,count,not_in_current_dataset,Input C: scraper/page evidence (proposed_writing),page text only,BTS/MRT/distance/travel-time facts Model interpretation: binary plus count group,cross-topic,Core-General candidate; requires QA and human approval,proposed_or_dictionary_only,False,redesigned model-entry QA and human approval required,legacy_risk_requires_validation,master_inventory_2026_07_18
factual_numeric_density_score,Core-General,factual_numeric,regex_count_or_composite,source_appearance,Input C: scraper/page evidence (writing_factual),"min(number_token_per_1000_words / 10, 5) + I(percent_mention_count > 0) + I(year_mention_count > 0) + I(range_mention_count > 0) + log1p(measurement_mention_count)",Factual and numerical specificity observed in the captured page text. Model interpretation: priority_screening_candidate,cross-topic,Core-General candidate; requires QA and human approval,extracted_writing_feature,False,redesigned model-entry QA and human approval required,safe_pre_outcome,master_inventory_2026_07_18
measurement_mention_count,Core-General,factual_numeric,regex_count_or_composite,source_appearance,Input C: scraper/page evidence (writing_factual),Bilingual deterministic regex counts; factual_numeric_density_score = capped numeric tokens/1000 words + percent/year/range indicators + log1p(measurements); price_unit_detail_score = price/unit indicators + log1p price and unit counts.,Factual and numerical specificity observed in the captured page text. Model interpretation: priority_screening_candidate,cross-topic,Core-General candidate; requires QA and human approval,extracted_writing_feature,False,redesigned model-entry QA and human approval required,safe_pre_outcome,master_inventory_2026_07_18
number_token_per_1000_words,Core-General,factual_numeric,regex_count_or_composite,source_appearance,Input C: scraper/page evidence (writing_factual),Bilingual deterministic regex counts; factual_numeric_density_score = capped numeric tokens/1000 words + percent/year/range indicators + log1p(measurements); price_unit_detail_score = price/unit indicators + log1p price and unit counts.,Factual and numerical specificity observed in the captured page text. Model interpretation: priority_screening_candidate,cross-topic,Core-General candidate; requires QA and human approval,extracted_writing_feature,False,redesigned model-entry QA and human approval required,safe_pre_outcome,master_inventory_2026_07_18
percent_mention_count,Core-General,factual_numeric,regex_count_or_composite,source_appearance,Input C: scraper/page evidence (writing_factual),Bilingual deterministic regex counts; factual_numeric_density_score = capped numeric tokens/1000 words + percent/year/range indicators + log1p(measurements); price_unit_detail_score = price/unit indicators + log1p price and unit counts.,Factual and numerical specificity observed in the captured page text. Model interpretation: priority_screening_candidate,cross-topic,Core-General candidate; requires QA and human approval,extracted_writing_feature,False,redesigned model-entry QA and human approval required,safe_pre_outcome,master_inventory_2026_07_18
price_mention_count,Core-General,factual_numeric,regex_count_or_composite,source_appearance,Input C: scraper/page evidence (writing_factual),Bilingual deterministic regex counts; factual_numeric_density_score = capped numeric tokens/1000 words + percent/year/range indicators + log1p(measurements); price_unit_detail_score = price/unit indicators + log1p price and unit counts.,Factual and numerical specificity observed in the captured page text. Model interpretation: priority_screening_candidate,cross-topic,Core-General candidate; requires QA and human approval,extracted_writing_feature,False,redesigned model-entry QA and human approval required,safe_pre_outcome,master_inventory_2026_07_18
price_unit_detail_score,Core-General,factual_numeric,regex_count_or_composite,source_appearance,Input C: scraper/page evidence (writing_factual),has_price_detail + has_unit_size_detail + log1p(price_mention_count + price_per_sqm_mention_count) + log1p(unit_size_mention_count),Factual and numerical specificity observed in the captured page text. Model interpretation: priority_screening_candidate,cross-topic,Core-General candidate; requires QA and human approval,extracted_writing_feature,False,redesigned model-entry QA and human approval required,safe_pre_outcome,master_inventory_2026_07_18
range_mention_count,Core-General,factual_numeric,regex_count_or_composite,source_appearance,Input C: scraper/page evidence (writing_factual),Bilingual deterministic regex counts; factual_numeric_density_score = capped numeric tokens/1000 words + percent/year/range indicators + log1p(measurements); price_unit_detail_score = price/unit indicators + log1p price and unit counts.,Factual and numerical specificity observed in the captured page text. Model interpretation: priority_screening_candidate,cross-topic,Core-General candidate; requires QA and human approval,extracted_writing_feature,False,redesigned model-entry QA and human approval required,safe_pre_outcome,master_inventory_2026_07_18
year_mention_count,Core-General,factual_numeric,regex_count_or_composite,source_appearance,Input C: scraper/page evidence (writing_factual),Bilingual deterministic regex counts; factual_numeric_density_score = capped numeric tokens/1000 words + percent/year/range indicators + log1p(measurements); price_unit_detail_score = price/unit indicators + log1p price and unit counts.,Factual and numerical specificity observed in the captured page text. Model interpretation: priority_screening_candidate,cross-topic,Core-General candidate; requires QA and human approval,extracted_writing_feature,False,redesigned model-entry QA and human approval required,safe_pre_outcome,master_inventory_2026_07_18
freshness_days,Core-General,freshness,continuous_or_bins,not_table_related,Input C: scraper/page evidence (audit timestamp and extracted date),continuous_or_bins,Age of page publication/update at audit time.,general,Core-General diagnostic/candidate; requires QA and human approval,not_started,False,not yet reviewed for Core-General model v1,safe_pre_outcome,core_general_table_registry_schema_v2
dom_heading_count,Core-General,heading_structure,numeric,source_appearance,Input C: scraper/page evidence (document_structure),Extracted from HTML/DOM.,heading count Model interpretation: candidate_after_eda,cross-topic,Core-General candidate; requires QA and human approval,extracted_document_feature_not_yet_modeled,False,redesigned model-entry QA and human approval required,safe_pre_outcome,master_inventory_2026_07_18
h1_count,Core-General,heading_structure,numeric,source_appearance | url,Input C: scraper/page evidence (document_structure),Extracted from HTML/DOM.,Count of h1 observed in the relevant extracted page representation. Model interpretation: candidate_after_eda,cross-topic,Core-General candidate; requires QA and human approval,extracted_document_feature_not_yet_modeled,False,redesigned model-entry QA and human approval required,safe_pre_outcome,master_inventory_2026_07_18
h2_count,Core-General,heading_structure,numeric,source_appearance | url,Input C: scraper/page evidence (document_structure),Extracted from HTML/DOM.,Count of h2 observed in the relevant extracted page representation. Model interpretation: candidate_after_eda,cross-topic,Core-General candidate; requires QA and human approval,extracted_document_feature_not_yet_modeled,False,redesigned model-entry QA and human approval required,safe_pre_outcome,master_inventory_2026_07_18
h3_count,Core-General,heading_structure,numeric,source_appearance | url,Input C: scraper/page evidence (document_structure),Extracted from HTML/DOM.,Count of h3 observed in the relevant extracted page representation. Model interpretation: candidate_after_eda,cross-topic,Core-General candidate; requires QA and human approval,extracted_document_feature_not_yet_modeled,False,redesigned model-entry QA and human approval required,safe_pre_outcome,master_inventory_2026_07_18
h4_count,Core-General,heading_structure,numeric,source_appearance | url,Input C: scraper/page evidence (document_structure),Extracted from HTML/DOM.,Count of h4 observed in the relevant extracted page representation. Model interpretation: candidate_after_eda,cross-topic,Core-General candidate; requires QA and human approval,extracted_document_feature_not_yet_modeled,False,redesigned model-entry QA and human approval required,safe_pre_outcome,master_inventory_2026_07_18
h5_count,Core-General,heading_structure,numeric,source_appearance | url,Input C: scraper/page evidence (document_structure),Extracted from HTML/DOM.,Count of h5 observed in the relevant extracted page representation. Model interpretation: candidate_after_eda,cross-topic,Core-General candidate; requires QA and human approval,extracted_document_feature_not_yet_modeled,False,redesigned model-entry QA and human approval required,safe_pre_outcome,master_inventory_2026_07_18
h6_count,Core-General,heading_structure,numeric,source_appearance | url,Input C: scraper/page evidence (document_structure),Extracted from HTML/DOM.,Count of h6 observed in the relevant extracted page representation. Model interpretation: candidate_after_eda,cross-topic,Core-General candidate; requires QA and human approval,extracted_document_feature_not_yet_modeled,False,redesigned model-entry QA and human approval required,safe_pre_outcome,master_inventory_2026_07_18
has_heading_hierarchy,Core-General,heading_structure,binary,source_appearance | url,Input C: scraper/page evidence (document_structure),Extracted from HTML/DOM or availability.,Binary indicator that the extracted page has heading hierarchy. Model interpretation: candidate_or_availability_control,cross-topic,Core-General candidate; requires QA and human approval,extracted_document_feature_not_yet_modeled,False,redesigned model-entry QA and human approval required,safe_pre_outcome,master_inventory_2026_07_18
has_headings,Core-General,heading_structure,binary,source_appearance,Input C: scraper/page evidence (actual_dataset_schema),See the producing module; no standalone rule is documented yet.,Binary indicator that the extracted page has headings. Model interpretation: Binary indicator that the extracted page has headings.,cross-topic,Core-General diagnostic/candidate; requires QA and human approval,active_pipeline_field,False,redesigned model-entry QA and human approval required,safe_pre_outcome,master_inventory_2026_07_18
heading_count,Core-General,heading_structure,count_or_prespecified_bins,not_table_related,Input C: scraper/page evidence (heading nodes),count_or_prespecified_bins,Count of preserved content headings. Model interpretation: Use for shape checks,general,Core-General candidate; requires QA and human approval,not_started,False,not yet reviewed for Core-General model v1,safe_pre_outcome,core_general_table_registry_schema_v2
heading_count_group,Core-General,heading_structure,categorical,source_appearance,Input C: scraper/page evidence (current_lpm),categorical,"0-1, 2-6, 7-12, 13+ headings Model interpretation: Each coefficient is a percentage-point difference from the selected reference group",cross-topic,Core-General candidate; requires QA and human approval,modeled_current_lpm,False,redesigned model-entry QA and human approval required,legacy_risk_low_or_controlled,current_lpm_legacy
heading_density_per_1000_words,Core-General,heading_structure,continuous,source_appearance,Input C: scraper/page evidence (current_lpm),continuous,"Headings relative to page length Model interpretation: Association for one additional heading per 1,000 words",cross-topic,Core-General candidate; requires QA and human approval,modeled_current_lpm,False,redesigned model-entry QA and human approval required,legacy_risk_low_or_controlled,current_lpm_legacy
heading_depth,Core-General,heading_structure,count_or_bins,not_table_related,Input C: scraper/page evidence (H1-H6 nodes),count_or_bins,Maximum verified H1-H6 depth used in content.,general,Core-General candidate; requires QA and human approval,not_started,False,not yet reviewed for Core-General model v1,safe_pre_outcome,core_general_table_registry_schema_v2
heading_hierarchy_consistency,Core-General,heading_structure,bounded_score,not_table_related,Input C: scraper/page evidence (ordered H1-H6 nodes),bounded_score,Degree to which content headings follow a coherent hierarchy.,general,Core-General diagnostic/candidate; requires QA and human approval,not_started,False,not yet reviewed for Core-General model v1,safe_pre_outcome,core_general_table_registry_schema_v2
heading_level_skip_count,Core-General,heading_structure,numeric,source_appearance | url,Input C: scraper/page evidence (document_structure),Extracted from HTML/DOM.,Adjacent heading transitions that skip one or more levels. Model interpretation: candidate_after_eda,cross-topic,Core-General candidate; requires QA and human approval,extracted_document_feature_not_yet_modeled,False,redesigned model-entry QA and human approval required,safe_pre_outcome,master_inventory_2026_07_18
heading_max_depth,Core-General,heading_structure,numeric,source_appearance | url,Input C: scraper/page evidence (document_structure),Extracted from HTML/DOM.,Maximum observed nesting or hierarchy depth for heading. Model interpretation: candidate_after_eda,cross-topic,Core-General candidate; requires QA and human approval,extracted_document_feature_not_yet_modeled,False,redesigned model-entry QA and human approval required,safe_pre_outcome,master_inventory_2026_07_18
heading_text_chars,Core-General,heading_structure,numeric,source_appearance | url,Input C: scraper/page evidence (document_structure),Extracted from HTML/DOM.,Pipeline field representing heading text chars. See source-layer and caveat columns before model use. Model interpretation: candidate_after_eda,cross-topic,Core-General candidate; requires QA and human approval,extracted_document_feature_not_yet_modeled,False,redesigned model-entry QA and human approval required,safe_pre_outcome,master_inventory_2026_07_18
question_heading_count,Core-General,heading_structure,count_or_binary,not_table_related,Input C: scraper/page evidence (heading text),count_or_binary,Content headings phrased as visible questions. Model interpretation: screening_or_diagnostic | binary plus count group,general,Core-General candidate; requires QA and human approval,not_started,False,not yet reviewed for Core-General model v1,safe_pre_outcome,core_general_table_registry_schema_v2
segmentation_confidence,Core-General,language_quality,categorical,not_table_related,Input C: scraper/page evidence (language and segmentation diagnostics),categorical,Confidence or quality class for segmentation.,general,Core-General diagnostic/candidate; requires QA and human approval,not_started,False,not yet reviewed for Core-General model v1,safe_diagnostic,core_general_table_registry_schema_v2
segmentation_method,Core-General,language_quality,categorical,not_table_related,Input C: scraper/page evidence (segmenter metadata),categorical,Sentence/token segmentation method used.,general,Core-General diagnostic/candidate; requires QA and human approval,not_started,False,not yet reviewed for Core-General model v1,safe_diagnostic,core_general_table_registry_schema_v2
external_link_domains,Core-General,link_structure,text_or_provenance,source_appearance | url,Input C: scraper/page evidence (document_structure),Extracted from HTML/DOM.,Semicolon-separated unique outbound root domains; diagnostic text field. Model interpretation: diagnostic_only,cross-topic,Core-General diagnostic/candidate; requires QA and human approval,extracted_document_feature_not_yet_modeled,False,redesigned model-entry QA and human approval required,safe_pre_outcome,master_inventory_2026_07_18
has_links,Core-General,link_structure,binary,source_appearance,Input C: scraper/page evidence (actual_dataset_schema),See the producing module; no standalone rule is documented yet.,Binary indicator that the extracted page has links. Model interpretation: Binary indicator that the extracted page has links.,cross-topic,Core-General diagnostic/candidate; requires QA and human approval,active_pipeline_field,False,redesigned model-entry QA and human approval required,safe_pre_outcome,master_inventory_2026_07_18
has_outbound_links,Core-General,link_structure,binary,source_appearance | url,Input C: scraper/page evidence (document_structure),Extracted from HTML/DOM or availability.,Binary indicator that the extracted page has outbound links. Model interpretation: candidate_or_availability_control,cross-topic,Core-General candidate; requires QA and human approval,extracted_document_feature_not_yet_modeled,False,redesigned model-entry QA and human approval required,safe_pre_outcome,master_inventory_2026_07_18
internal_link_count,Core-General,link_structure,numeric,source_appearance | url,Input C: scraper/page evidence (document_structure),Extracted from HTML/DOM.,Count of internal link observed in the relevant extracted page representation. Model interpretation: candidate_after_eda,cross-topic,Core-General candidate; requires QA and human approval,extracted_document_feature_not_yet_modeled,False,redesigned model-entry QA and human approval required,safe_pre_outcome,master_inventory_2026_07_18
internal_link_ratio,Core-General,link_structure,continuous,not_in_current_dataset,Input C: scraper/page evidence (proposed_writing),resolved hrefs,Internal links divided by all links Model interpretation: continuous,requires review,Core-General diagnostic/candidate; requires QA and human approval,proposed_or_dictionary_only,False,redesigned model-entry QA and human approval required,legacy_risk_requires_validation,master_inventory_2026_07_18
link_count,Core-General,link_structure,continuous count,source_appearance | url,Input C: scraper/page evidence (current_lpm),continuous count,Extracted links Model interpretation: Use for distributions and nonlinear diagnostics,cross-topic,Core-General diagnostic/candidate; requires QA and human approval,modeled_current_lpm,False,redesigned model-entry QA and human approval required,legacy_risk_low_or_controlled,current_lpm_legacy
link_count_group,Core-General,link_structure,categorical,source_appearance,Input C: scraper/page evidence (current_lpm),categorical,"0-3, 4-8, 9+ extracted links Model interpretation: Each coefficient is relative to the selected reference group",cross-topic,Core-General candidate; requires QA and human approval,modeled_current_lpm,False,redesigned model-entry QA and human approval required,legacy_risk_low_or_controlled,current_lpm_legacy
link_count_top_1pct,Core-General,link_structure,binary,source_appearance,Input C: scraper/page evidence (actual_dataset_schema),See the producing module; no standalone rule is documented yet.,Pipeline field representing link count top 1pct. See source-layer and caveat columns before model use. Model interpretation: Pipeline field representing link count top 1pct. See source-layer and caveat columns before model use.,cross-topic,Core-General diagnostic/candidate; requires QA and human approval,active_pipeline_field,False,redesigned model-entry QA and human approval required,safe_pre_outcome,master_inventory_2026_07_18
link_count_total,Core-General,link_structure,numeric,source_appearance | url,Input C: scraper/page evidence (document_structure),Extracted from HTML/DOM.,Pipeline field representing link count total. See source-layer and caveat columns before model use. Model interpretation: candidate_after_eda,cross-topic,Core-General candidate; requires QA and human approval,extracted_document_feature_not_yet_modeled,False,redesigned model-entry QA and human approval required,safe_pre_outcome,master_inventory_2026_07_18
link_density_per_1000_words,Core-General,link_structure,continuous,source_appearance,Input C: scraper/page evidence (current_lpm),continuous,"Links relative to page length Model interpretation: Association for one additional link per 1,000 words",cross-topic,Core-General candidate; requires QA and human approval,modeled_current_lpm,False,redesigned model-entry QA and human approval required,legacy_risk_low_or_controlled,current_lpm_legacy
low_link_count,Core-General,link_structure,binary,source_appearance,Input C: scraper/page evidence (current_lpm),binary,1 when extracted link_count is below 9 Model interpretation: Optional binary sensitivity contrast for the highly imbalanced three-level link group,cross-topic,Core-General diagnostic/candidate; requires QA and human approval,modeled_current_lpm,False,redesigned model-entry QA and human approval required,legacy_risk_low_or_controlled,current_lpm_legacy
nofollow_link_count,Core-General,link_structure,numeric,source_appearance | url,Input C: scraper/page evidence (document_structure),Extracted from HTML/DOM.,Count of nofollow link observed in the relevant extracted page representation. Model interpretation: candidate_after_eda,cross-topic,Core-General candidate; requires QA and human approval,extracted_document_feature_not_yet_modeled,False,redesigned model-entry QA and human approval required,safe_pre_outcome,master_inventory_2026_07_18
outbound_link_count,Core-General,link_structure,numeric,source_appearance | url,Input C: scraper/page evidence (document_structure),Extracted from HTML/DOM.,Count of outbound link observed in the relevant extracted page representation. Model interpretation: candidate_after_eda,cross-topic,Core-General candidate; requires QA and human approval,extracted_document_feature_not_yet_modeled,False,redesigned model-entry QA and human approval required,safe_pre_outcome,master_inventory_2026_07_18
bullet_list_count,Core-General,list_structure,count_or_binary,not_table_related,Input C: scraper/page evidence (list nodes),count_or_binary,Count of content bullet lists.,general,Core-General candidate; requires QA and human approval,not_started,False,not yet reviewed for Core-General model v1,safe_pre_outcome,core_general_table_registry_schema_v2
has_list_structure,Core-General,list_structure,binary,source_appearance | url,Input C: scraper/page evidence (document_structure),Extracted from HTML/DOM or availability.,Binary indicator that the extracted page has list structure. Model interpretation: candidate_or_availability_control,cross-topic,Core-General candidate; requires QA and human approval,extracted_document_feature_not_yet_modeled,False,redesigned model-entry QA and human approval required,safe_pre_outcome,master_inventory_2026_07_18
max_list_depth,Core-General,list_structure,numeric,source_appearance | url,Input C: scraper/page evidence (document_structure),Extracted from HTML/DOM.,Pipeline field representing max list depth. See source-layer and caveat columns before model use. Model interpretation: candidate_after_eda,cross-topic,Core-General candidate; requires QA and human approval,extracted_document_feature_not_yet_modeled,False,redesigned model-entry QA and human approval required,safe_pre_outcome,master_inventory_2026_07_18
numbered_list_count,Core-General,list_structure,count_or_binary,not_table_related,Input C: scraper/page evidence (list nodes),count_or_binary,Count of content ordered lists.,general,Core-General candidate; requires QA and human approval,not_started,False,not yet reviewed for Core-General model v1,safe_pre_outcome,core_general_table_registry_schema_v2
ordered_list_count,Core-General,list_structure,numeric,source_appearance | url,Input C: scraper/page evidence (document_structure),Extracted from HTML/DOM.,Count of ordered list observed in the relevant extracted page representation. Model interpretation: candidate_after_eda,cross-topic,Core-General candidate; requires QA and human approval,extracted_document_feature_not_yet_modeled,False,redesigned model-entry QA and human approval required,safe_pre_outcome,master_inventory_2026_07_18
unordered_list_count,Core-General,list_structure,numeric,source_appearance | url,Input C: scraper/page evidence (document_structure),Extracted from HTML/DOM.,Count of unordered list observed in the relevant extracted page representation. Model interpretation: candidate_after_eda,cross-topic,Core-General candidate; requires QA and human approval,extracted_document_feature_not_yet_modeled,False,redesigned model-entry QA and human approval required,safe_pre_outcome,master_inventory_2026_07_18
list_item_count,Core-General,list_structure | structure,numeric | count,source_appearance | url,Input C: scraper/page evidence (document_structure | proposed_writing),Extracted from HTML/DOM. | HTML/markdown structure,list item count | Bulleted and numbered list items Model interpretation: candidate_after_eda | binary plus log2 count,cross-topic,Core-General candidate; requires QA and human approval,extracted_document_feature_not_yet_modeled,False,redesigned model-entry QA and human approval required,legacy_risk_low | requires_validation,master_inventory_2026_07_18
published_or_updated_age,Core-General,metadata_and_freshness,continuous,not_in_current_dataset,Input C: scraper/page evidence (proposed_writing),structured data/page metadata,Page age at audit date Model interpretation: spline or bins,requires review,Core-General diagnostic/candidate; requires QA and human approval,proposed_or_dictionary_only,False,redesigned model-entry QA and human approval required,legacy_risk_requires_validation,master_inventory_2026_07_18
measurement_count,Core-General,numeric_detail,count_or_density,not_table_related,Input C: scraper/page evidence (page text and general unit registry),count_or_density,Count of number-plus-unit measurements using a general unit registry.,general,Core-General candidate; requires QA and human approval,not_started,False,not yet reviewed for Core-General model v1,safe_pre_outcome,core_general_table_registry_schema_v2
number_token_count,Core-General,numeric_detail,count,not_table_related,Input C: scraper/page evidence (page text),count,Count of numeric tokens in measurable content. Model interpretation: priority_screening_candidate,general,Core-General diagnostic/candidate; requires QA and human approval,not_started,False,not yet reviewed for Core-General model v1,safe_pre_outcome,core_general_table_registry_schema_v2
number_token_density,Core-General,numeric_detail,density_per_1000_words,not_table_related,Input C: scraper/page evidence (number_token_count and word_count),density_per_1000_words,Numeric tokens normalized by measurable words.,general,Core-General candidate; requires QA and human approval,not_started,False,not yet reviewed for Core-General model v1,safe_pre_outcome,core_general_table_registry_schema_v2
percentage_count,Core-General,numeric_detail,count_or_density,not_table_related,Input C: scraper/page evidence (page text),count_or_density,Count of percentage expressions.,general,Core-General candidate; requires QA and human approval,not_started,False,not yet reviewed for Core-General model v1,safe_pre_outcome,core_general_table_registry_schema_v2
range_pattern_count,Core-General,numeric_detail,count_or_density,not_table_related,Input C: scraper/page evidence (page text),count_or_density,Count of explicit numeric ranges.,general,Core-General candidate; requires QA and human approval,not_started,False,not yet reviewed for Core-General model v1,safe_pre_outcome,core_general_table_registry_schema_v2
year_count,Core-General,numeric_detail,count_or_binary,not_table_related,Input C: scraper/page evidence (page text),count_or_binary,Count of plausible year expressions.,general,Core-General candidate; requires QA and human approval,not_started,False,not yet reviewed for Core-General model v1,safe_pre_outcome,core_general_table_registry_schema_v2
opening_summary_signal,Core-General,opening_structure,binary_or_score,not_table_related,Input C: scraper/page evidence (opening content blocks),binary_or_score,Opening content provides a summary or direct orientation.,general,Core-General diagnostic/candidate; requires QA and human approval,not_started,False,not yet reviewed for Core-General model v1,safe_pre_outcome,core_general_table_registry_schema_v2
log2_content_chars_plus1,Core-General,page_length,log2,not_table_related,Input C: scraper/page evidence (content_chars),log2,Alternative character-length measure. Model interpretation: Log2 transformation of content chars plus one; approximately interpretable by doubling.,general,Core-General diagnostic/candidate; requires QA and human approval,not_started,False,not yet reviewed for Core-General model v1,safe_pre_outcome,core_general_table_registry_schema_v2
log2_word_count_plus1,Core-General,page_length,log2,not_table_related,Input C: scraper/page evidence (word_count),log2,Primary page-length measure. Model interpretation: Coefficient is the percentage-point association for approximately doubling word count,general,Core-General candidate; requires QA and human approval,not_started,False,not yet reviewed for Core-General model v1,safe_pre_outcome,core_general_table_registry_schema_v2
has_paragraph_structure,Core-General,paragraph_and_sentence_structure,binary,source_appearance | url,Input C: scraper/page evidence (document_structure),Extracted from HTML/DOM or availability.,Binary indicator that the extracted page has paragraph structure. Model interpretation: candidate_or_availability_control,cross-topic,Core-General candidate; requires QA and human approval,extracted_document_feature_not_yet_modeled,False,redesigned model-entry QA and human approval required,safe_pre_outcome,master_inventory_2026_07_18
long_paragraph_share,Core-General,paragraph_and_sentence_structure,numeric,source_appearance | url,Input C: scraper/page evidence (document_structure),Extracted from HTML/DOM.,"Rate, share, or ratio measuring long paragraph share. Model interpretation: candidate_after_eda",cross-topic,Core-General candidate; requires QA and human approval,extracted_document_feature_not_yet_modeled,False,redesigned model-entry QA and human approval required,safe_pre_outcome,master_inventory_2026_07_18
median_paragraph_words,Core-General,paragraph_and_sentence_structure,numeric,source_appearance | url,Input C: scraper/page evidence (document_structure),Extracted from HTML/DOM.,Pipeline field representing median paragraph words. See source-layer and caveat columns before model use. Model interpretation: candidate_after_eda,cross-topic,Core-General candidate; requires QA and human approval,extracted_document_feature_not_yet_modeled,False,redesigned model-entry QA and human approval required,safe_pre_outcome,master_inventory_2026_07_18
p90_paragraph_words,Core-General,paragraph_and_sentence_structure,numeric,source_appearance | url,Input C: scraper/page evidence (document_structure),Extracted from HTML/DOM.,Pipeline field representing p90 paragraph words. See source-layer and caveat columns before model use. Model interpretation: candidate_after_eda,cross-topic,Core-General candidate; requires QA and human approval,extracted_document_feature_not_yet_modeled,False,redesigned model-entry QA and human approval required,safe_pre_outcome,master_inventory_2026_07_18
short_paragraph_share,Core-General,paragraph_and_sentence_structure,numeric,source_appearance | url,Input C: scraper/page evidence (document_structure),Extracted from HTML/DOM.,"Rate, share, or ratio measuring short paragraph share. Model interpretation: candidate_after_eda",cross-topic,Core-General candidate; requires QA and human approval,extracted_document_feature_not_yet_modeled,False,redesigned model-entry QA and human approval required,safe_pre_outcome,master_inventory_2026_07_18
faq_schema_present,Core-General,qa_and_schema,binary,not_table_related,Input C: scraper/page evidence (schema.org payload),binary,FAQPage structured data is present.,general,Core-General candidate; requires QA and human approval,not_started,False,not yet reviewed for Core-General model v1,safe_pre_outcome,core_general_table_registry_schema_v2
visible_qa_structure,Core-General,qa_and_schema,binary,not_table_related,Input C: scraper/page evidence (ordered content blocks),binary,Visible paired question and answer structure.,general,Core-General candidate; requires QA and human approval,not_started,False,not yet reviewed for Core-General model v1,safe_pre_outcome,core_general_table_registry_schema_v2
faq_schema_question_count,Core-General,schema_and_metadata,numeric,source_appearance | url,Input C: scraper/page evidence (document_structure),Extracted from HTML/DOM.,Count of faq schema question observed in the relevant extracted page representation. Model interpretation: sensitivity,cross-topic,Core-General diagnostic/candidate; requires QA and human approval,extracted_document_feature_not_yet_modeled,False,redesigned model-entry QA and human approval required,safe_pre_outcome,master_inventory_2026_07_18
has_article_schema,Core-General,schema_and_metadata,binary,source_appearance | url,Input C: scraper/page evidence (document_structure),Extracted from HTML/DOM or availability.,Binary indicator that the extracted page has article schema. Model interpretation: candidate_or_availability_control,cross-topic,Core-General candidate; requires QA and human approval,extracted_document_feature_not_yet_modeled,False,redesigned model-entry QA and human approval required,safe_pre_outcome,master_inventory_2026_07_18
has_breadcrumb_schema,Core-General,schema_and_metadata,binary,source_appearance | url,Input C: scraper/page evidence (document_structure),Extracted from HTML/DOM or availability.,Binary indicator that the extracted page has breadcrumb schema. Model interpretation: candidate_or_availability_control,cross-topic,Core-General candidate; requires QA and human approval,extracted_document_feature_not_yet_modeled,False,redesigned model-entry QA and human approval required,safe_pre_outcome,master_inventory_2026_07_18
has_faqpage_schema,Core-General,schema_and_metadata,binary,source_appearance | url,Input C: scraper/page evidence (document_structure),Extracted from HTML/DOM or availability.,Binary indicator that the extracted page has faqpage schema. Model interpretation: candidate_or_availability_control,cross-topic,Core-General candidate; requires QA and human approval,extracted_document_feature_not_yet_modeled,False,redesigned model-entry QA and human approval required,safe_pre_outcome,master_inventory_2026_07_18
has_jsonld,Core-General,schema_and_metadata,binary,source_appearance | url,Input C: scraper/page evidence (document_structure),Extracted from HTML/DOM or availability.,Binary indicator that the extracted page has jsonld. Model interpretation: candidate_or_availability_control,cross-topic,Core-General candidate; requires QA and human approval,extracted_document_feature_not_yet_modeled,False,redesigned model-entry QA and human approval required,safe_pre_outcome,master_inventory_2026_07_18
has_localbusiness_schema,Core-General,schema_and_metadata,binary,source_appearance | url,Input C: scraper/page evidence (document_structure),Extracted from HTML/DOM or availability.,Binary indicator that the extracted page has localbusiness schema. Model interpretation: candidate_or_availability_control,cross-topic,Core-General candidate; requires QA and human approval,extracted_document_feature_not_yet_modeled,False,redesigned model-entry QA and human approval required,safe_pre_outcome,master_inventory_2026_07_18
has_organization_schema,Core-General,schema_and_metadata,binary,source_appearance | url,Input C: scraper/page evidence (document_structure),Extracted from HTML/DOM or availability.,Binary indicator that the extracted page has organization schema. Model interpretation: candidate_or_availability_control,cross-topic,Core-General candidate; requires QA and human approval,extracted_document_feature_not_yet_modeled,False,redesigned model-entry QA and human approval required,safe_pre_outcome,master_inventory_2026_07_18
has_product_schema,Core-General,schema_and_metadata,binary,source_appearance | url,Input C: scraper/page evidence (document_structure),Extracted from HTML/DOM or availability.,Binary indicator that the extracted page has product schema. Model interpretation: candidate_or_availability_control,cross-topic,Core-General candidate; requires QA and human approval,extracted_document_feature_not_yet_modeled,False,redesigned model-entry QA and human approval required,safe_pre_outcome,master_inventory_2026_07_18
jsonld_block_count,Core-General,schema_and_metadata,numeric,source_appearance | url,Input C: scraper/page evidence (document_structure),Extracted from HTML/DOM.,Count of jsonld block observed in the relevant extracted page representation. Model interpretation: candidate_after_eda,cross-topic,Core-General candidate; requires QA and human approval,extracted_document_feature_not_yet_modeled,False,redesigned model-entry QA and human approval required,safe_pre_outcome,master_inventory_2026_07_18
jsonld_parsed_block_count,Core-General,schema_and_metadata,numeric,source_appearance | url,Input C: scraper/page evidence (document_structure),Extracted from HTML/DOM.,Count of jsonld parsed block observed in the relevant extracted page representation. Model interpretation: candidate_after_eda,cross-topic,Core-General candidate; requires QA and human approval,extracted_document_feature_not_yet_modeled,False,redesigned model-entry QA and human approval required,safe_pre_outcome,master_inventory_2026_07_18
schema_type_count,Core-General,schema_and_metadata,numeric,source_appearance | url,Input C: scraper/page evidence (document_structure),Extracted from HTML/DOM.,Count of schema type observed in the relevant extracted page representation. Model interpretation: candidate_after_eda,cross-topic,Core-General candidate; requires QA and human approval,extracted_document_feature_not_yet_modeled,False,redesigned model-entry QA and human approval required,safe_pre_outcome,master_inventory_2026_07_18
schema_types,Core-General,schema_and_metadata,text_or_provenance,source_appearance | url,Input C: scraper/page evidence (document_structure),Extracted from HTML/DOM.,Semicolon-separated JSON-LD @type values; diagnostic text field. Model interpretation: diagnostic_only,cross-topic,Core-General diagnostic/candidate; requires QA and human approval,extracted_document_feature_not_yet_modeled,False,redesigned model-entry QA and human approval required,safe_pre_outcome,master_inventory_2026_07_18
structured_data_types,Core-General,schema_and_metadata,categorical_or_text,url,Input C: scraper/page evidence (actual_dataset_schema),See the producing module; no standalone rule is documented yet.,Pipeline field representing structured data types. See source-layer and caveat columns before model use. Model interpretation: Pipeline field representing structured data types. See source-layer and caveat columns before model use.,requires review,Core-General diagnostic/candidate; requires QA and human approval,active_pipeline_field,False,redesigned model-entry QA and human approval required,safe_pre_outcome,master_inventory_2026_07_18
heading_density,Core-General,structure,continuous,not_in_current_dataset,Input C: scraper/page evidence (proposed_writing),headings and text,"Headings per 1,000 words Model interpretation: continuous plus nonlinear check",cross-topic,Core-General candidate; requires QA and human approval,proposed_or_dictionary_only,False,redesigned model-entry QA and human approval required,legacy_risk_requires_validation,master_inventory_2026_07_18
list_item_density,Core-General,structure,continuous,not_in_current_dataset,Input C: scraper/page evidence (proposed_writing),HTML/markdown structure,"List items per 1,000 words Model interpretation: continuous",cross-topic,Core-General candidate; requires QA and human approval,proposed_or_dictionary_only,False,redesigned model-entry QA and human approval required,legacy_risk_requires_validation,master_inventory_2026_07_18
table_has_comparison,Core-General,table_content,binary_or_count,table_level,Input C: scraper/page evidence (preserved HTML/Markdown table evidence),binary_or_count,Table compares alternatives or attributes across multiple entities.,general,Core-General candidate; requires QA and human approval,pending_human_threshold,False,table extraction and classification QA not yet passed,safe_pre_outcome,core_general_table_registry_schema_v2
table_has_directory_or_listing_structure,Core-General,table_content,binary_or_count,table_level,Input C: scraper/page evidence (preserved HTML/Markdown table evidence),binary_or_count,Table organizes multiple entities as a directory or listing.,general,Core-General candidate; requires QA and human approval,pending_human_threshold,False,table extraction and classification QA not yet passed,safe_pre_outcome,core_general_table_registry_schema_v2
table_has_layout_or_navigation_structure,Core-General,table_content,binary_or_count,table_level,Input C: scraper/page evidence (preserved HTML/Markdown table evidence),binary_or_count,Table is used primarily for page layout or navigation.,general,Core-General diagnostic/candidate; requires QA and human approval,pending_human_threshold,False,table extraction and classification QA not yet passed,safe_pre_outcome,core_general_table_registry_schema_v2
table_has_measurements,Core-General,table_content,binary_or_count,table_level,Input C: scraper/page evidence (table cells and versioned general unit registry),binary_or_count,Table contains general measurement classes.,general,Core-General candidate; requires QA and human approval,pending_human_threshold,False,table extraction and classification QA not yet passed,safe_pre_outcome,core_general_table_registry_schema_v2
table_has_numeric_facts,Core-General,table_content,binary_or_count,table_level,Input C: scraper/page evidence (preserved HTML/Markdown table evidence),binary_or_count,Table contains numeric factual values beyond navigation identifiers.,general,Core-General candidate; requires QA and human approval,pending_human_threshold,False,table extraction and classification QA not yet passed,safe_pre_outcome,core_general_table_registry_schema_v2
table_has_schedule_or_timeline,Core-General,table_content,binary_or_count,table_level,Input C: scraper/page evidence (preserved HTML/Markdown table evidence),binary_or_count,"Table organizes dates, times, stages, or milestones.",general,Core-General candidate; requires QA and human approval,pending_human_threshold,False,table extraction and classification QA not yet passed,safe_pre_outcome,core_general_table_registry_schema_v2
table_has_specifications,Core-General,table_content,binary_or_count,table_level,Input C: scraper/page evidence (preserved HTML/Markdown table evidence),binary_or_count,"Table presents labeled attributes or specifications using general, non-vertical constructs.",general,Core-General candidate; requires QA and human approval,pending_human_threshold,False,table extraction and classification QA not yet passed,safe_pre_outcome,core_general_table_registry_schema_v2
table_has_textual_facts,Core-General,table_content,binary_or_count,table_level,Input C: scraper/page evidence (preserved HTML/Markdown table evidence),binary_or_count,Table contains substantive textual factual cells.,general,Core-General candidate; requires QA and human approval,pending_human_threshold,False,table extraction and classification QA not yet passed,safe_pre_outcome,core_general_table_registry_schema_v2
has_verified_html_table,Core-General,table_detection,nullable_binary,page_level,Input C: scraper/page evidence (preserved HTML DOM),nullable_binary,1 when at least one HTML <table> is successfully detected and verified on the page.,general,Core-General diagnostic/candidate; requires QA and human approval,pending_human_threshold,False,table extraction and classification QA not yet passed,safe_pre_outcome,core_general_table_registry_schema_v2
inferred_text_table_detected,Core-General,table_detection,nullable_binary,extraction_diagnostic,Input C: scraper/page evidence (preserved HTML/Markdown table evidence),nullable_binary,Table-like structure inferred only from flattened text.,general,Core-General diagnostic/candidate; requires QA and human approval,pending_human_threshold,False,table extraction and classification QA not yet passed,safe_pre_outcome,core_general_table_registry_schema_v2
markdown_table_detected,Core-General,table_detection,nullable_binary,extraction_diagnostic,Input C: scraper/page evidence (Markdown preserving table syntax),nullable_binary,At least one valid Markdown table is inferred present.,general,Core-General diagnostic/candidate; requires QA and human approval,pending_human_threshold,False,table extraction and classification QA not yet passed,safe_pre_outcome,core_general_table_registry_schema_v2
table_detection_source,Core-General,table_detection,categorical,extraction_diagnostic,Input C: scraper/page evidence (preserved HTML/Markdown table evidence),categorical,Evidence source used to detect each table/page table state.,general,Core-General diagnostic/candidate; requires QA and human approval,pending_human_threshold,False,table extraction and classification QA not yet passed,safe_pre_outcome,core_general_table_registry_schema_v2
table_measurement_unit_registry,Core-General,table_detection,categorical,table_level,Input C: scraper/page evidence (preserved HTML/Markdown table evidence),categorical,Registry that produced table unit matches.,general,Core-General diagnostic/candidate; requires QA and human approval,pending_human_threshold,False,table extraction and classification QA not yet passed,safe_pre_outcome,core_general_table_registry_schema_v2
table_verification_status,Core-General,table_detection,categorical,extraction_diagnostic,Input C: scraper/page evidence (preserved HTML/Markdown table evidence),categorical,"Verified, inferred, absent, or unmeasured table state.",general,Core-General diagnostic/candidate; requires QA and human approval,pending_human_threshold,False,table extraction and classification QA not yet passed,safe_pre_outcome,core_general_table_registry_schema_v2
table_has_column_labels,Core-General,table_labels,binary_or_count,table_level,Input C: scraper/page evidence (preserved HTML/Markdown table evidence),binary_or_count,Table contains labels identifying column meaning.,general,Core-General diagnostic/candidate; requires QA and human approval,pending_human_threshold,False,table extraction and classification QA not yet passed,safe_pre_outcome,core_general_table_registry_schema_v2
table_has_header_labels,Core-General,table_labels,binary_or_count,table_level,Input C: scraper/page evidence (preserved HTML/Markdown table evidence),binary_or_count,Table contains explicit header labels.,general,Core-General diagnostic/candidate; requires QA and human approval,pending_human_threshold,False,table extraction and classification QA not yet passed,safe_pre_outcome,core_general_table_registry_schema_v2
table_has_row_labels,Core-General,table_labels,binary_or_count,table_level,Input C: scraper/page evidence (preserved HTML/Markdown table evidence),binary_or_count,Table contains labels identifying row meaning.,general,Core-General diagnostic/candidate; requires QA and human approval,pending_human_threshold,False,table extraction and classification QA not yet passed,safe_pre_outcome,core_general_table_registry_schema_v2
comparison_table_count,Core-General,table_page_aggregate,nullable_binary_or_count,page_level,Input C: scraper/page evidence (measured table-level records),nullable_binary_or_count,Count of measured tables with comparison structure.,general,Core-General diagnostic/candidate; requires QA and human approval,pending_human_threshold,False,extraction and aggregation QA not yet passed,safe_pre_outcome,core_general_table_registry_schema_v2
directory_or_listing_table_count,Core-General,table_page_aggregate,nullable_binary_or_count,page_level,Input C: scraper/page evidence (measured table-level records),nullable_binary_or_count,Count of directory/listing tables.,general,Core-General diagnostic/candidate; requires QA and human approval,pending_human_threshold,False,extraction and aggregation QA not yet passed,safe_pre_outcome,core_general_table_registry_schema_v2
distinct_table_type_count,Core-General,table_page_aggregate,nullable_count,page_level,Input C: scraper/page evidence (preserved HTML/Markdown table evidence),nullable_count,Distinct qualifying primary table types on a page.,general,Core-General diagnostic/candidate; requires QA and human approval,pending_human_threshold,False,table extraction and classification QA not yet passed,safe_pre_outcome,core_general_table_registry_schema_v2
dominant_table_type,Core-General,table_page_aggregate,categorical,page_level,Input C: scraper/page evidence (preserved HTML/Markdown table evidence),categorical,Unique most frequent qualifying table type on a page.,general,Core-General diagnostic/candidate; requires QA and human approval,pending_human_threshold,False,table extraction and classification QA not yet passed,safe_pre_outcome,core_general_table_registry_schema_v2
dominant_table_type_collapsed,Core-General,table_page_aggregate,categorical,page_level,Input C: scraper/page evidence (preserved HTML/Markdown table evidence),categorical,Support-collapsed dominant table type for later sensitivity models.,general,Core-General diagnostic/candidate; requires QA and human approval,pending_human_threshold,False,table extraction and classification QA not yet passed,safe_pre_outcome,core_general_table_registry_schema_v2
factual_or_specification_table_count,Core-General,table_page_aggregate,nullable_count,page_level,Input C: scraper/page evidence (preserved HTML/Markdown table evidence),nullable_count,Page count of factual_or_specification tables.,general,Core-General diagnostic/candidate; requires QA and human approval,pending_human_threshold,False,table extraction and classification QA not yet passed,safe_pre_outcome,core_general_table_registry_schema_v2
has_any_comparison_table,Core-General,table_page_aggregate,nullable_binary_or_count,page_level,Input C: scraper/page evidence (measured table-level records),nullable_binary_or_count,Page has at least one measured comparison table.,general,Core-General diagnostic/candidate; requires QA and human approval,pending_human_threshold,False,extraction and aggregation QA not yet passed,safe_pre_outcome,core_general_table_registry_schema_v2
has_any_data_table,Core-General,table_page_aggregate,nullable_binary,page_level,Input C: scraper/page evidence (preserved HTML/Markdown table evidence),nullable_binary,1 when at least one measured table is not classified solely as layout/navigation.,general,Core-General diagnostic/candidate; requires QA and human approval,pending_human_threshold,False,table extraction and classification QA not yet passed,safe_pre_outcome,core_general_table_registry_schema_v2
has_any_directory_or_listing_table,Core-General,table_page_aggregate,nullable_binary_or_count,page_level,Input C: scraper/page evidence (measured table-level records),nullable_binary_or_count,Page has at least one directory/listing table.,general,Core-General diagnostic/candidate; requires QA and human approval,pending_human_threshold,False,extraction and aggregation QA not yet passed,safe_pre_outcome,core_general_table_registry_schema_v2
has_any_layout_table,Core-General,table_page_aggregate,nullable_binary_or_count,page_level,Input C: scraper/page evidence (measured table-level records),nullable_binary_or_count,Page has at least one layout/navigation table.,general,Core-General diagnostic/candidate; requires QA and human approval,pending_human_threshold,False,extraction and aggregation QA not yet passed,safe_pre_outcome,core_general_table_registry_schema_v2
has_any_schedule_or_timeline_table,Core-General,table_page_aggregate,nullable_binary_or_count,page_level,Input C: scraper/page evidence (measured table-level records),nullable_binary_or_count,Page has at least one schedule/timeline table.,general,Core-General diagnostic/candidate; requires QA and human approval,pending_human_threshold,False,extraction and aggregation QA not yet passed,safe_pre_outcome,core_general_table_registry_schema_v2
has_any_table_with_measurements,Core-General,table_page_aggregate,nullable_binary_or_count,page_level,Input C: scraper/page evidence (measured table-level records),nullable_binary_or_count,Page has at least one measured table with general measurements.,general,Core-General diagnostic/candidate; requires QA and human approval,pending_human_threshold,False,extraction and aggregation QA not yet passed,safe_pre_outcome,core_general_table_registry_schema_v2
has_any_table_with_numeric_facts,Core-General,table_page_aggregate,nullable_binary_or_count,page_level,Input C: scraper/page evidence (measured table-level records),nullable_binary_or_count,Page has at least one measured table with numeric facts.,general,Core-General diagnostic/candidate; requires QA and human approval,pending_human_threshold,False,extraction and aggregation QA not yet passed,safe_pre_outcome,core_general_table_registry_schema_v2
has_any_table_with_specifications,Core-General,table_page_aggregate,nullable_binary_or_count,page_level,Input C: scraper/page evidence (measured table-level records),nullable_binary_or_count,Page has at least one measured specification table.,general,Core-General diagnostic/candidate; requires QA and human approval,pending_human_threshold,False,extraction and aggregation QA not yet passed,safe_pre_outcome,core_general_table_registry_schema_v2
has_any_table_with_textual_facts,Core-General,table_page_aggregate,nullable_binary_or_count,page_level,Input C: scraper/page evidence (measured table-level records),nullable_binary_or_count,Page has at least one measured table with textual facts.,general,Core-General diagnostic/candidate; requires QA and human approval,pending_human_threshold,False,extraction and aggregation QA not yet passed,safe_pre_outcome,core_general_table_registry_schema_v2
has_multiple_table_types,Core-General,table_page_aggregate,nullable_binary,page_level,Input C: scraper/page evidence (preserved HTML/Markdown table evidence),nullable_binary,Page has at least two distinct non-unknown table types.,general,Core-General diagnostic/candidate; requires QA and human approval,pending_human_threshold,False,table extraction and classification QA not yet passed,safe_pre_outcome,core_general_table_registry_schema_v2
has_multiple_tables,Core-General,table_page_aggregate,nullable_binary,page_level,Input C: scraper/page evidence (preserved HTML/Markdown table evidence),nullable_binary,Page has at least two deduplicated detected tables. Model interpretation: Binary indicator that the extracted page has multiple tables.,general,Core-General diagnostic/candidate; requires QA and human approval,pending_human_threshold,False,table extraction and classification QA not yet passed,safe_pre_outcome,core_general_table_registry_schema_v2
layout_or_navigation_table_count,Core-General,table_page_aggregate,nullable_binary_or_count,page_level,Input C: scraper/page evidence (measured table-level records),nullable_binary_or_count,Count of layout/navigation tables.,general,Core-General diagnostic/candidate; requires QA and human approval,pending_human_threshold,False,extraction and aggregation QA not yet passed,safe_pre_outcome,core_general_table_registry_schema_v2
measurement_table_count,Core-General,table_page_aggregate,nullable_binary_or_count,page_level,Input C: scraper/page evidence (measured table-level records),nullable_binary_or_count,Count of measured tables with general measurements.,general,Core-General diagnostic/candidate; requires QA and human approval,pending_human_threshold,False,extraction and aggregation QA not yet passed,safe_pre_outcome,core_general_table_registry_schema_v2
numeric_fact_table_count,Core-General,table_page_aggregate,nullable_binary_or_count,page_level,Input C: scraper/page evidence (measured table-level records),nullable_binary_or_count,Count of measured tables with numeric facts.,general,Core-General diagnostic/candidate; requires QA and human approval,pending_human_threshold,False,extraction and aggregation QA not yet passed,safe_pre_outcome,core_general_table_registry_schema_v2
schedule_or_timeline_table_count,Core-General,table_page_aggregate,nullable_binary_or_count,page_level,Input C: scraper/page evidence (measured table-level records),nullable_binary_or_count,Count of schedule/timeline tables.,general,Core-General diagnostic/candidate; requires QA and human approval,pending_human_threshold,False,extraction and aggregation QA not yet passed,safe_pre_outcome,core_general_table_registry_schema_v2
specification_table_count,Core-General,table_page_aggregate,nullable_binary_or_count,page_level,Input C: scraper/page evidence (measured table-level records),nullable_binary_or_count,Count of measured tables with specifications.,general,Core-General diagnostic/candidate; requires QA and human approval,pending_human_threshold,False,extraction and aggregation QA not yet passed,safe_pre_outcome,core_general_table_registry_schema_v2
textual_fact_table_count,Core-General,table_page_aggregate,nullable_binary_or_count,page_level,Input C: scraper/page evidence (measured table-level records),nullable_binary_or_count,Count of measured tables with textual facts.,general,Core-General diagnostic/candidate; requires QA and human approval,pending_human_threshold,False,extraction and aggregation QA not yet passed,safe_pre_outcome,core_general_table_registry_schema_v2
unknown_or_other_table_count,Core-General,table_page_aggregate,nullable_count,page_level,Input C: scraper/page evidence (preserved HTML/Markdown table evidence),nullable_count,Page count of unknown_or_other tables.,general,Core-General diagnostic/candidate; requires QA and human approval,pending_human_threshold,False,table extraction and classification QA not yet passed,safe_pre_outcome,core_general_table_registry_schema_v2
comparison_row_count,Core-General,table_structure,numeric,source_appearance | url,Input C: scraper/page evidence (document_structure),Extracted from HTML/DOM.,Rows in tables with explicit comparison signals. Model interpretation: sensitivity,cross-topic,Core-General diagnostic/candidate; requires QA and human approval,extracted_document_feature_not_yet_modeled,False,redesigned model-entry QA and human approval required,safe_pre_outcome,master_inventory_2026_07_18
data_table_count,Core-General,table_structure,nullable_count,page_level,Input C: scraper/page evidence (preserved HTML/Markdown table evidence),nullable_count,Count of tables not classified as layout/navigation.,general,Core-General diagnostic/candidate; requires QA and human approval,pending_human_threshold,False,table extraction and classification QA not yet passed,safe_pre_outcome,core_general_table_registry_schema_v2
has_html_table,Core-General,table_structure,binary,source_appearance | url,Input C: scraper/page evidence (document_structure),Extracted from HTML/DOM or availability.,Binary indicator that the extracted page has html table. Model interpretation: candidate_or_availability_control,cross-topic,Core-General candidate; requires QA and human approval,extracted_document_feature_not_yet_modeled,False,redesigned model-entry QA and human approval required,safe_pre_outcome,master_inventory_2026_07_18
html_table_count,Core-General,table_structure,nullable_count,page_level,Input C: scraper/page evidence (preserved HTML DOM),nullable_count,Count of HTML-verified table nodes before semantic layout/data classification. Model interpretation: candidate_after_eda,general,Core-General diagnostic/candidate; requires QA and human approval,pending_human_threshold,False,table extraction and classification QA not yet passed,safe_pre_outcome,core_general_table_registry_schema_v2
inferred_table_count,Core-General,table_structure,nullable_count,page_level,Input C: scraper/page evidence (preserved HTML/Markdown table evidence),nullable_count,Count of table-like blocks inferred from flattened text.,general,Core-General diagnostic/candidate; requires QA and human approval,pending_human_threshold,False,table extraction and classification QA not yet passed,safe_pre_outcome,core_general_table_registry_schema_v2
layout_table_count,Core-General,table_structure,nullable_count,page_level,Input C: scraper/page evidence (preserved HTML/Markdown table evidence),nullable_count,Count of layout or navigation tables.,general,Core-General diagnostic/candidate; requires QA and human approval,pending_human_threshold,False,table extraction and classification QA not yet passed,safe_pre_outcome,core_general_table_registry_schema_v2
markdown_table_count,Core-General,table_structure,nullable_count,page_level,Input C: scraper/page evidence (preserved HTML/Markdown table evidence),nullable_count,Count of valid Markdown tables.,general,Core-General diagnostic/candidate; requires QA and human approval,pending_human_threshold,False,table extraction and classification QA not yet passed,safe_pre_outcome,core_general_table_registry_schema_v2
price_row_count,Core-General,table_structure,numeric,source_appearance | url,Input C: scraper/page evidence (document_structure),Extracted from HTML/DOM.,HTML table rows containing currency or explicit price signals. Model interpretation: sensitivity,cross-topic,Core-General diagnostic/candidate; requires QA and human approval,extracted_document_feature_not_yet_modeled,False,redesigned model-entry QA and human approval required,safe_pre_outcome,master_inventory_2026_07_18
table_caption_count,Core-General,table_structure,nullable_count,page_level,Input C: scraper/page evidence (preserved HTML/Markdown table evidence),nullable_count,Count of tables with visible captions or equivalent labels.,general,Core-General diagnostic/candidate; requires QA and human approval,pending_human_threshold,False,table extraction and classification QA not yet passed,safe_pre_outcome,core_general_table_registry_schema_v2
table_cell_count,Core-General,table_structure,numeric,source_appearance | url,Input C: scraper/page evidence (document_structure),Extracted from HTML/DOM.,Count of table cell observed in the relevant extracted page representation. Model interpretation: candidate_after_eda,cross-topic,Core-General candidate; requires QA and human approval,extracted_document_feature_not_yet_modeled,False,redesigned model-entry QA and human approval required,safe_pre_outcome,master_inventory_2026_07_18
table_cell_count_per_table,Core-General,table_structure,nullable_binary_or_count,table_level,Input C: scraper/page evidence (measured table-level records),nullable_binary_or_count,Logical cells in one measured table.,general,Core-General diagnostic/candidate; requires QA and human approval,pending_human_threshold,False,extraction and aggregation QA not yet passed,safe_pre_outcome,core_general_table_registry_schema_v2
table_cell_count_total,Core-General,table_structure,nullable_count,page_level,Input C: scraper/page evidence (preserved HTML/Markdown table evidence),nullable_count,Total logical cells across deduplicated detected tables.,general,Core-General diagnostic/candidate; requires QA and human approval,pending_human_threshold,False,table extraction and classification QA not yet passed,safe_pre_outcome,core_general_table_registry_schema_v2
table_column_count_max,Core-General,table_structure,nullable_count,page_level,Input C: scraper/page evidence (preserved HTML/Markdown table evidence),nullable_count,Maximum columns across deduplicated detected tables.,general,Core-General diagnostic/candidate; requires QA and human approval,pending_human_threshold,False,table extraction and classification QA not yet passed,safe_pre_outcome,core_general_table_registry_schema_v2
table_column_count_per_table,Core-General,table_structure,nullable_binary_or_count,table_level,Input C: scraper/page evidence (measured table-level records),nullable_binary_or_count,Maximum logical columns in one measured table.,general,Core-General diagnostic/candidate; requires QA and human approval,pending_human_threshold,False,extraction and aggregation QA not yet passed,safe_pre_outcome,core_general_table_registry_schema_v2
table_column_max,Core-General,table_structure,numeric,source_appearance | url,Input C: scraper/page evidence (document_structure),Extracted from HTML/DOM.,Pipeline field representing table column max. See source-layer and caveat columns before model use. Model interpretation: candidate_after_eda,cross-topic,Core-General candidate; requires QA and human approval,extracted_document_feature_not_yet_modeled,False,redesigned model-entry QA and human approval required,safe_pre_outcome,master_inventory_2026_07_18
table_count,Core-General,table_structure,continuous count,source_appearance | url,Input C: scraper/page evidence (current_lpm),continuous count,Extracted tables Model interpretation: Use for descriptive diagnostics,cross-topic,Core-General diagnostic/candidate; requires QA and human approval,modeled_current_lpm,False,redesigned model-entry QA and human approval required,legacy_risk_low_or_controlled,current_lpm_legacy
table_density_per_1000_words,Core-General,table_structure,numeric_continuous,source_appearance,Input C: scraper/page evidence (actual_dataset_schema),See the producing module; no standalone rule is documented yet.,Pipeline field representing table density per 1000 words. See source-layer and caveat columns before model use. Model interpretation: Pipeline field representing table density per 1000 words. See source-layer and caveat columns before model use.,cross-topic,Core-General diagnostic/candidate; requires QA and human approval,active_pipeline_field,False,redesigned model-entry QA and human approval required,safe_pre_outcome,master_inventory_2026_07_18
table_header_cell_count,Core-General,table_structure,numeric,source_appearance | url,Input C: scraper/page evidence (document_structure),Extracted from HTML/DOM.,Count of table header cell observed in the relevant extracted page representation. Model interpretation: candidate_after_eda,cross-topic,Core-General candidate; requires QA and human approval,extracted_document_feature_not_yet_modeled,False,redesigned model-entry QA and human approval required,safe_pre_outcome,master_inventory_2026_07_18
table_nested_count,Core-General,table_structure,nullable_count,page_level,Input C: scraper/page evidence (preserved HTML/Markdown table evidence),nullable_count,Count of tables nested within another table.,general,Core-General diagnostic/candidate; requires QA and human approval,pending_human_threshold,False,table extraction and classification QA not yet passed,safe_pre_outcome,core_general_table_registry_schema_v2
table_row_count_per_table,Core-General,table_structure,nullable_binary_or_count,table_level,Input C: scraper/page evidence (measured table-level records),nullable_binary_or_count,Logical rows in one measured table.,general,Core-General diagnostic/candidate; requires QA and human approval,pending_human_threshold,False,extraction and aggregation QA not yet passed,safe_pre_outcome,core_general_table_registry_schema_v2
table_row_count_total,Core-General,table_structure,nullable_count,page_level,Input C: scraper/page evidence (preserved HTML/Markdown table evidence),nullable_count,Total rows across deduplicated detected tables.,general,Core-General diagnostic/candidate; requires QA and human approval,pending_human_threshold,False,table extraction and classification QA not yet passed,safe_pre_outcome,core_general_table_registry_schema_v2
table_with_header_count,Core-General,table_structure,nullable_count,page_level,Input C: scraper/page evidence (preserved HTML/Markdown table evidence),nullable_count,Count of tables with verified header cells or equivalent labels.,general,Core-General diagnostic/candidate; requires QA and human approval,pending_human_threshold,False,table extraction and classification QA not yet passed,safe_pre_outcome,core_general_table_registry_schema_v2
tables_with_header_count,Core-General,table_structure,numeric,source_appearance | url,Input C: scraper/page evidence (document_structure),Extracted from HTML/DOM.,Count of tables with header observed in the relevant extracted page representation. Model interpretation: candidate_after_eda,cross-topic,Core-General candidate; requires QA and human approval,extracted_document_feature_not_yet_modeled,False,redesigned model-entry QA and human approval required,safe_pre_outcome,master_inventory_2026_07_18
total_detected_table_count,Core-General,table_structure,nullable_count,page_level,Input C: scraper/page evidence (preserved HTML/Markdown table evidence),nullable_count,Deduplicated count across verified and inferred detection sources.,general,Core-General diagnostic/candidate; requires QA and human approval,pending_human_threshold,False,table extraction and classification QA not yet passed,safe_pre_outcome,core_general_table_registry_schema_v2
table_type_primary,Core-General,table_type,categorical,table_level,Input C: scraper/page evidence (preserved HTML/Markdown table evidence),categorical,Main observed function of one table; abstains when evidence is weak or conflicting.,general,Core-General diagnostic/candidate; requires QA and human approval,pending_human_threshold,False,table extraction and classification QA not yet passed,safe_pre_outcome,core_general_table_registry_schema_v2
dom_structure_cluster,Core-General,template_duplication,categorical_cluster,not_table_related,Input C: scraper/page evidence (layout fingerprint),categorical_cluster,Cluster of similar normalized DOM structures.,general,Core-General diagnostic/candidate; requires QA and human approval,not_started,False,not yet reviewed for Core-General model v1,safe_diagnostic,core_general_table_registry_schema_v2
template_hash,Core-General,template_duplication,categorical_hash,not_table_related,Input C: scraper/page evidence (raw HTML DOM),categorical_hash,Hash of normalized DOM structure after content/text removal.,general,Core-General diagnostic/candidate; requires QA and human approval,not_started,False,not yet reviewed for Core-General model v1,safe_diagnostic,core_general_table_registry_schema_v2
bullet_like_line_count,Core-General,writing_structure,text_rule_or_composite,source_appearance,Input C: scraper/page evidence (writing_factual),"Deterministic punctuation, line, opening-text, or additive binary rule; see source module.",Observed writing structure in the captured page text; excerpt zeros are not proof of full-page absence. Model interpretation: screening_or_diagnostic,cross-topic,Core-General diagnostic/candidate; requires QA and human approval,extracted_writing_feature,False,redesigned model-entry QA and human approval required,safe_pre_outcome,master_inventory_2026_07_18
faq_phrase_count,Core-General,writing_structure,text_rule_or_composite,source_appearance,Input C: scraper/page evidence (writing_factual),"Deterministic punctuation, line, opening-text, or additive binary rule; see source module.",Observed writing structure in the captured page text; excerpt zeros are not proof of full-page absence. Model interpretation: screening_or_diagnostic,cross-topic,Core-General diagnostic/candidate; requires QA and human approval,extracted_writing_feature,False,redesigned model-entry QA and human approval required,safe_pre_outcome,master_inventory_2026_07_18
has_main_content_unordered_list,Core-General,writing_structure,nullable_binary,source_appearance,Input C: filtered main-content HTML or generated Markdown fallback,"1 when a filtered main-content ul has at least two visible non-empty direct li items; 0 when structured content was measured without a valid list; NA when structure is unavailable.",Observed main-content unordered-list structure after page-chrome removal.,cross-topic,Core-General approved focal-score component,document_structure_v2,True,manual HTML and Markdown evidence review required,safe_pre_outcome,structured_list_registry_v2
has_faq_pattern,Core-General,writing_structure,text_rule_or_composite,source_appearance,Input C: scraper/page evidence (writing_factual),"Deterministic punctuation, line, opening-text, or additive binary rule; see source module.",Observed writing structure in the captured page text; excerpt zeros are not proof of full-page absence. Model interpretation: screening_or_diagnostic,cross-topic,Core-General diagnostic/candidate; requires QA and human approval,extracted_writing_feature,False,redesigned model-entry QA and human approval required,safe_pre_outcome,master_inventory_2026_07_18
has_main_content_ordered_list,Core-General,writing_structure,nullable_binary,source_appearance,Input C: filtered main-content HTML or generated Markdown fallback,"1 when a filtered main-content ol has at least two visible non-empty direct li items; 0 when structured content was measured without a valid list; NA when structure is unavailable.",Observed main-content ordered-list structure after page-chrome removal.,cross-topic,Core-General approved focal-score component,document_structure_v2,True,manual HTML and Markdown evidence review required,safe_pre_outcome,structured_list_registry_v2
has_question_answer_structure,Core-General,writing_structure,text_rule_or_composite,source_appearance,Input C: scraper/page evidence (writing_factual),"Deterministic punctuation, line, opening-text, or additive binary rule; see source module.",Observed writing structure in the captured page text; excerpt zeros are not proof of full-page absence. Model interpretation: screening_or_diagnostic,cross-topic,Core-General diagnostic/candidate; requires QA and human approval,extracted_writing_feature,False,redesigned model-entry QA and human approval required,safe_pre_outcome,master_inventory_2026_07_18
list_structure_score,Core-General,writing_structure,text_rule_or_composite,source_appearance,Input C: scraper/page evidence (writing_factual),"Deterministic punctuation, line, opening-text, or additive binary rule; see source module.",Observed writing structure in the captured page text; excerpt zeros are not proof of full-page absence. Model interpretation: screening_or_diagnostic,cross-topic,Core-General diagnostic/candidate; requires QA and human approval,extracted_writing_feature,False,redesigned model-entry QA and human approval required,safe_pre_outcome,master_inventory_2026_07_18
long_sentence_share,Core-General,writing_structure,text_rule_or_composite,source_appearance,Input C: scraper/page evidence (writing_factual),"Deterministic punctuation, line, opening-text, or additive binary rule; see source module.",Observed writing structure in the captured page text; excerpt zeros are not proof of full-page absence. Model interpretation: screening_or_diagnostic,cross-topic,Core-General diagnostic/candidate; requires QA and human approval,extracted_writing_feature,False,redesigned model-entry QA and human approval required,safe_pre_outcome,master_inventory_2026_07_18
mean_sentence_length_words,Core-General,writing_structure,text_rule_or_composite,source_appearance,Input C: scraper/page evidence (writing_factual),"Deterministic punctuation, line, opening-text, or additive binary rule; see source module.",Observed writing structure in the captured page text; excerpt zeros are not proof of full-page absence. Model interpretation: screening_or_diagnostic,cross-topic,Core-General diagnostic/candidate; requires QA and human approval,extracted_writing_feature,False,redesigned model-entry QA and human approval required,safe_pre_outcome,master_inventory_2026_07_18
median_paragraph_length_words,Core-General,writing_structure,continuous_or_spline,not_table_related,Input C: scraper/page evidence (paragraph blocks),continuous_or_spline,Median words per preserved paragraph. Model interpretation: screening_or_diagnostic,general,Core-General candidate; requires QA and human approval,not_started,False,not yet reviewed for Core-General model v1,safe_pre_outcome,core_general_table_registry_schema_v2
median_sentence_length_words,Core-General,writing_structure,continuous_or_spline,not_table_related,Input C: scraper/page evidence (sentence segmentation),continuous_or_spline,Median segmented sentence length. Model interpretation: screening_or_diagnostic,general,Core-General candidate; requires QA and human approval,not_started,False,not yet reviewed for Core-General model v1,safe_pre_outcome,core_general_table_registry_schema_v2
numbered_list_line_count,Core-General,writing_structure,text_rule_or_composite,source_appearance,Input C: scraper/page evidence (writing_factual),"Deterministic punctuation, line, opening-text, or additive binary rule; see source module.",Observed writing structure in the captured page text; excerpt zeros are not proof of full-page absence. Model interpretation: screening_or_diagnostic,cross-topic,Core-General diagnostic/candidate; requires QA and human approval,extracted_writing_feature,False,redesigned model-entry QA and human approval required,safe_pre_outcome,master_inventory_2026_07_18
opening_100_words,Core-General,writing_structure,text_rule_or_composite,source_appearance,Input C: scraper/page evidence (writing_factual),"Deterministic punctuation, line, opening-text, or additive binary rule; see source module.",Observed writing structure in the captured page text; excerpt zeros are not proof of full-page absence. Model interpretation: screening_or_diagnostic,cross-topic,Core-General diagnostic/candidate; requires QA and human approval,extracted_writing_feature,False,redesigned model-entry QA and human approval required,safe_pre_outcome,master_inventory_2026_07_18
opening_has_direct_answer_signal,Core-General,writing_structure,text_rule_or_composite,source_appearance,Input C: scraper/page evidence (writing_factual),"Deterministic punctuation, line, opening-text, or additive binary rule; see source module.",Observed writing structure in the captured page text; excerpt zeros are not proof of full-page absence. Model interpretation: screening_or_diagnostic,cross-topic,Core-General diagnostic/candidate; requires QA and human approval,extracted_writing_feature,False,redesigned model-entry QA and human approval required,safe_pre_outcome,master_inventory_2026_07_18
opening_has_summary_signal,Core-General,writing_structure,text_rule_or_composite,source_appearance,Input C: scraper/page evidence (writing_factual),"Deterministic punctuation, line, opening-text, or additive binary rule; see source module.",Observed writing structure in the captured page text; excerpt zeros are not proof of full-page absence. Model interpretation: screening_or_diagnostic,cross-topic,Core-General diagnostic/candidate; requires QA and human approval,extracted_writing_feature,False,redesigned model-entry QA and human approval required,safe_pre_outcome,master_inventory_2026_07_18
opening_numeric_fact_count,Core-General,writing_structure,text_rule_or_composite,source_appearance,Input C: scraper/page evidence (writing_factual),"Deterministic punctuation, line, opening-text, or additive binary rule; see source module.",Observed writing structure in the captured page text; excerpt zeros are not proof of full-page absence. Model interpretation: screening_or_diagnostic,cross-topic,Core-General diagnostic/candidate; requires QA and human approval,extracted_writing_feature,False,redesigned model-entry QA and human approval required,safe_pre_outcome,master_inventory_2026_07_18
opening_price_or_location_fact_count,Core-General,writing_structure,text_rule_or_composite,source_appearance,Input C: scraper/page evidence (writing_factual),"Deterministic punctuation, line, opening-text, or additive binary rule; see source module.",Observed writing structure in the captured page text; excerpt zeros are not proof of full-page absence. Model interpretation: screening_or_diagnostic,cross-topic,Core-General diagnostic/candidate; requires QA and human approval,extracted_writing_feature,False,redesigned model-entry QA and human approval required,safe_pre_outcome,master_inventory_2026_07_18
p90_sentence_length_words,Core-General,writing_structure,continuous_or_bins,not_table_related,Input C: scraper/page evidence (sentence segmentation),continuous_or_bins,Upper-tail sentence length. Model interpretation: screening_or_diagnostic,general,Core-General diagnostic/candidate; requires QA and human approval,not_started,False,not yet reviewed for Core-General model v1,safe_pre_outcome,core_general_table_registry_schema_v2
paragraph_count,Core-General,writing_structure,count_or_log2,not_table_related,Input C: scraper/page evidence (paragraph blocks),count_or_log2,Number of preserved content paragraphs. Model interpretation: screening_or_diagnostic | candidate_after_eda | log2 or threshold,general,Core-General candidate; requires QA and human approval,not_started,False,not yet reviewed for Core-General model v1,safe_pre_outcome,core_general_table_registry_schema_v2
question_mark_count,Core-General,writing_structure,text_rule_or_composite,source_appearance,Input C: scraper/page evidence (writing_factual),"Deterministic punctuation, line, opening-text, or additive binary rule; see source module.",Observed writing structure in the captured page text; excerpt zeros are not proof of full-page absence. Model interpretation: screening_or_diagnostic,cross-topic,Core-General diagnostic/candidate; requires QA and human approval,extracted_writing_feature,False,redesigned model-entry QA and human approval required,safe_pre_outcome,master_inventory_2026_07_18
sentence_count,Core-General,writing_structure,count_or_log2,not_table_related,Input C: scraper/page evidence (page text and segmenter),count_or_log2,Number of segmented sentences in measurable page text. Model interpretation: screening_or_diagnostic | diagnostic then log/threshold,general,Core-General candidate; requires QA and human approval,not_started,False,not yet reviewed for Core-General model v1,safe_pre_outcome,core_general_table_registry_schema_v2
short_sentence_share,Core-General,writing_structure,text_rule_or_composite,source_appearance,Input C: scraper/page evidence (writing_factual),"Deterministic punctuation, line, opening-text, or additive binary rule; see source module.",Observed writing structure in the captured page text; excerpt zeros are not proof of full-page absence. Model interpretation: screening_or_diagnostic,cross-topic,Core-General diagnostic/candidate; requires QA and human approval,extracted_writing_feature,False,redesigned model-entry QA and human approval required,safe_pre_outcome,master_inventory_2026_07_18
writing_structure_score_v3,Core-General,writing_structure,nullable_integer_0_to_5,source_appearance,Input C: document_structure_v2 plus writing_factual_density_v1,has_main_content_unordered_list + has_main_content_ordered_list + has_faq_pattern + opening_has_summary_signal + opening_has_direct_answer_signal; NA unless all five components are measured,Answer-oriented structural organization proxy; Q&A excluded because it duplicated FAQ; not total writing quality.,cross-topic,Core-General approved focal predictor,writing_structure_v3,True,missing components are never silently converted to zero,safe_pre_outcome,structured_list_registry_v3
page_type_family_gemini_v1,contextual control,Broad Gemini-classified page-function family,categorical,all surfaced rows after URL join,Input A source metadata + Input C page evidence,categorical,Broad Gemini-classified page-function family Model interpretation: Source for collapsed FE4 page-family control,cross-topic context,contextual control or sensitivity,not_started,False,redesigned model-entry QA and human approval required,requires_review,current_lpm_legacy
page_type_general_gemini_v1,contextual control,Detailed page function classified by Gemini 3.1 Flash Lite,categorical,all surfaced rows after URL join,Input A source metadata + Input C page evidence,categorical,Detailed page function classified by Gemini 3.1 Flash Lite Model interpretation: Use for descriptive review; prefer family level in LPM,cross-topic context,contextual control or sensitivity,not_started,False,redesigned model-entry QA and human approval required,requires_review,current_lpm_legacy
taxonomy_confidence_gemini_v1,contextual control,Gemini classification confidence,categorical,all joined rows,Input A source metadata + Input C page evidence,categorical,Gemini classification confidence Model interpretation: Use for QA and confidence-restricted sensitivity only,cross-topic context,contextual control or sensitivity,not_started,False,redesigned model-entry QA and human approval required,requires_review,current_lpm_legacy
source_type_general_gemini_v1,contextual control,Website or publisher role classified by Gemini,categorical,all surfaced rows after URL join,Input A source metadata + Input C page evidence,categorical,Website or publisher role classified by Gemini Model interpretation: Source for collapsed FE4 source/site-type control,cross-topic context,contextual control or sensitivity,not_started,False,redesigned model-entry QA and human approval required,requires_review,current_lpm_legacy
duplicate_content_cluster,contextual control,duplicate_or_template_context,categorical ID,not_in_current_dataset,Input C: scraper/page evidence (proposed_writing),content hashes/embeddings,Near-duplicate page-content cluster Model interpretation: cluster or sensitivity,requires review,contextual control or sensitivity,proposed_or_dictionary_only,False,redesigned model-entry QA and human approval required,legacy_risk_requires_validation,master_inventory_2026_07_18
reference_language_count,contextual control,external_evidence,count_or_density,not_table_related,Input C: scraper/page evidence (page text and phrase registry),count_or_density,Count of visible citation/reference phrases.,general,contextual control or sensitivity,not_started,False,not yet reviewed for Core-General model v1,safe_pre_outcome,core_general_table_registry_schema_v2
normalized_url,contextual control,identifier_and_grouping,categorical ID,source_appearance | url,Input C: scraper/page evidence (current_lpm),categorical ID,Canonical page URL Model interpretation: Cluster by URL because content features repeat across prompts,cross-topic context,contextual control or sensitivity,modeled_current_lpm,False,redesigned model-entry QA and human approval required,legacy_risk_low_or_controlled,current_lpm_legacy
prompt_id,contextual control,identifier_and_grouping,categorical ID,source_appearance | prompt,Input B: prompt manifest,categorical ID,Exact prompt identity Model interpretation: Absorbs all characteristics shared by sources within the same prompt,cross-topic context,contextual control or sensitivity,modeled_current_lpm,False,redesigned model-entry QA and human approval required,legacy_risk_low_or_controlled,current_lpm_legacy
record_id,contextual control,identifier_and_grouping,identifier_or_text,source_appearance,Input C: scraper/page evidence (actual_dataset_schema),See the producing module; no standalone rule is documented yet.,Stable identifier for one Bright Data ChatGPT response record. Model interpretation: Stable identifier for one Bright Data ChatGPT response record.,cross-topic context,contextual control or sensitivity,active_pipeline_field,False,redesigned model-entry QA and human approval required,safe_pre_outcome,master_inventory_2026_07_18
source_appearance_row_id,contextual control,identifier_and_grouping,identifier_or_text,source_appearance,Input C: scraper/page evidence (actual_dataset_schema),See the producing module; no standalone rule is documented yet.,Pipeline field representing source appearance row id. See source-layer and caveat columns before model use. Model interpretation: Pipeline field representing source appearance row id. See source-layer and caveat columns before model use.,requires review,identifier only; never a predictor,active_pipeline_field,False,redesigned model-entry QA and human approval required,safe_pre_outcome,master_inventory_2026_07_18
source_root_domain,contextual control,identifier_and_grouping,categorical ID,source_appearance | url,Input C: scraper/page evidence (current_lpm),categorical ID,Root domain Model interpretation: Domain fixed effects compare URLs within a domain; clustering allows arbitrary domain correlation,cross-topic context,contextual control or sensitivity,modeled_current_lpm,False,redesigned model-entry QA and human approval required,legacy_risk_low_or_controlled,current_lpm_legacy
source_url,contextual control,identifier_and_grouping,identifier_or_text,source_appearance | url,Input C: scraper/page evidence (actual_dataset_schema),See the producing module; no standalone rule is documented yet.,Original surfaced URL before canonical normalization. Model interpretation: Original surfaced URL before canonical normalization.,cross-topic context,contextual control or sensitivity,active_pipeline_field,False,redesigned model-entry QA and human approval required,safe_pre_outcome,master_inventory_2026_07_18
language,contextual control,language_quality,categorical,not_table_related,Input B: prompt manifest,categorical,Detected or source-provided page language.,general,contextual control or sensitivity,not_started,False,not yet reviewed for Core-General model v1,safe_diagnostic,core_general_table_registry_schema_v2
meta_description_length,contextual control,metadata,continuous,not_in_current_dataset,Input C: scraper/page evidence (proposed_writing),meta description,Meta-description length Model interpretation: spline or bins,cross-topic context,contextual control or sensitivity,proposed_or_dictionary_only,False,redesigned model-entry QA and human approval required,legacy_risk_requires_validation,master_inventory_2026_07_18
title_length_tokens,contextual control,metadata,continuous,not_in_current_dataset,Input C: scraper/page evidence (proposed_writing),title,Page-title length Model interpretation: spline or bins,cross-topic context,contextual control or sensitivity,proposed_or_dictionary_only,False,redesigned model-entry QA and human approval required,legacy_risk_requires_validation,master_inventory_2026_07_18
area_tag,contextual control,prompt_metadata_and_relevance,categorical_or_text,source_appearance | prompt,Input B: prompt manifest,See the producing module; no standalone rule is documented yet.,Geographic/area tag attached to the prompt expansion. Model interpretation: Geographic/area tag attached to the prompt expansion.,cross-topic context,contextual control or sensitivity,active_pipeline_field,False,redesigned model-entry QA and human approval required,safe_pre_outcome,master_inventory_2026_07_18
expansion_group,contextual control,prompt_metadata_and_relevance,categorical_or_text,source_appearance | prompt,Input B: prompt manifest,See the producing module; no standalone rule is documented yet.,Prompt-generation group; this audit is natural nonbranded. Model interpretation: Prompt-generation group; this audit is natural nonbranded.,cross-topic context,contextual control or sensitivity,active_pipeline_field,False,redesigned model-entry QA and human approval required,safe_pre_outcome,master_inventory_2026_07_18
intent,contextual control,prompt_metadata_and_relevance,categorical,source_appearance | prompt,Input B: prompt manifest,categorical,Prompt intent group Model interpretation: Use only for descriptive tables or pre-specified feature interactions,cross-topic context,contextual control or sensitivity,modeled_current_lpm,False,redesigned model-entry QA and human approval required,legacy_risk_low_or_controlled,current_lpm_legacy
prompt,contextual control,prompt_metadata_and_relevance,categorical_or_text,prompt,Input C: scraper/page evidence (actual_dataset_schema),See the producing module; no standalone rule is documented yet.,Pipeline field representing prompt. See source-layer and caveat columns before model use. Model interpretation: Pipeline field representing prompt. See source-layer and caveat columns before model use.,cross-topic context,contextual control or sensitivity,active_pipeline_field,False,redesigned model-entry QA and human approval required,safe_pre_outcome,master_inventory_2026_07_18
prompt_source_rows,contextual control,prompt_metadata_and_relevance,numeric_count,source_appearance,Input C: scraper/page evidence (actual_dataset_schema),See the producing module; no standalone rule is documented yet.,Pipeline field representing prompt source rows. See source-layer and caveat columns before model use. Model interpretation: Pipeline field representing prompt source rows. See source-layer and caveat columns before model use.,cross-topic context,contextual control or sensitivity,active_pipeline_field,False,redesigned model-entry QA and human approval required,safe_pre_outcome,master_inventory_2026_07_18
prompt_text,contextual control,prompt_metadata_and_relevance,text,source_appearance,Input C: scraper/page evidence (actual_dataset_schema),See the producing module; no standalone rule is documented yet.,Pipeline field representing prompt text. See source-layer and caveat columns before model use. Model interpretation: Pipeline field representing prompt text. See source-layer and caveat columns before model use.,cross-topic context,contextual control or sensitivity,active_pipeline_field,False,redesigned model-entry QA and human approval required,safe_pre_outcome,master_inventory_2026_07_18
unique_prompts,contextual control,prompt_metadata_and_relevance,numeric,url,Input C: scraper/page evidence (actual_dataset_schema),See the producing module; no standalone rule is documented yet.,Pipeline field representing unique prompts. See source-layer and caveat columns before model use. Model interpretation: Pipeline field representing unique prompts. See source-layer and caveat columns before model use.,cross-topic context,contextual control or sensitivity,active_pipeline_field,False,redesigned model-entry QA and human approval required,safe_pre_outcome,master_inventory_2026_07_18
url_unique_prompts,contextual control,prompt_metadata_and_relevance,numeric,source_appearance,Input C: scraper/page evidence (actual_dataset_schema),See the producing module; no standalone rule is documented yet.,Pipeline field representing url unique prompts. See source-layer and caveat columns before model use. Model interpretation: Pipeline field representing url unique prompts. See source-layer and caveat columns before model use.,cross-topic context,contextual control or sensitivity,active_pipeline_field,False,redesigned model-entry QA and human approval required,safe_pre_outcome,master_inventory_2026_07_18
general_keyword_overlap,contextual control,prompt_page_relevance,bounded_overlap,not_table_related,Input C: scraper/page evidence (prompt and page text),bounded_overlap,General prompt-page token overlap without vertical dictionaries.,general,contextual control or sensitivity,not_started,False,not yet reviewed for Core-General model v1,safe_no_answer,core_general_table_registry_schema_v2
prompt_body_similarity,contextual control,prompt_page_relevance,bounded_similarity,not_table_related,Input B prompt manifest + Input C page evidence,bounded_similarity,Leakage-safe prompt-page-body similarity.,general,contextual control or sensitivity,not_started,False,not yet reviewed for Core-General model v1,safe_no_answer,core_general_table_registry_schema_v2
prompt_intent_keyword_match,contextual control,prompt_page_relevance,tfidf_overlap_or_composite,source_appearance,Input B prompt manifest + Input C page evidence,"Character 3-5 gram TF-IDF cosine or deterministic keyword match; composite is equal-weight mean of title similarity, page similarity, keyword overlap, area match, and intent match.","Observable prompt-page relevance using prompt and page only, not answer text. Model interpretation: priority_screening_control",cross-topic context,contextual control or sensitivity,extracted_writing_feature,False,redesigned model-entry QA and human approval required,legacy_risk_low_if_prompt_and_page_only,master_inventory_2026_07_18
prompt_meta_similarity,contextual control,prompt_page_relevance,bounded_similarity,not_table_related,Input B prompt manifest + Input C page evidence,bounded_similarity,Leakage-safe prompt-meta-description similarity.,general,contextual control or sensitivity,not_started,False,not yet reviewed for Core-General model v1,safe_no_answer,core_general_table_registry_schema_v2
prompt_page_keyword_overlap,contextual control,prompt_page_relevance,tfidf_overlap_or_composite,source_appearance,Input B prompt manifest + Input C page evidence,"Character 3-5 gram TF-IDF cosine or deterministic keyword match; composite is equal-weight mean of title similarity, page similarity, keyword overlap, area match, and intent match.","Observable prompt-page relevance using prompt and page only, not answer text. Model interpretation: priority_screening_control",cross-topic context,contextual control or sensitivity,extracted_writing_feature,False,redesigned model-entry QA and human approval required,legacy_risk_low_if_prompt_and_page_only,master_inventory_2026_07_18
prompt_page_relevance_score,contextual control,prompt_page_relevance,bounded_score,not_table_related,Input B prompt manifest + Input C page evidence,bounded_score,Combined leakage-safe prompt-page relevance score. Model interpretation: priority_screening_control,general,contextual control or sensitivity,not_started,False,not yet reviewed for Core-General model v1,safe_no_answer,core_general_table_registry_schema_v2
prompt_page_tfidf_similarity,contextual control,prompt_page_relevance,tfidf_overlap_or_composite,source_appearance,Input B prompt manifest + Input C page evidence,"Character 3-5 gram TF-IDF cosine or deterministic keyword match; composite is equal-weight mean of title similarity, page similarity, keyword overlap, area match, and intent match.","Observable prompt-page relevance using prompt and page only, not answer text. Model interpretation: priority_screening_control",cross-topic context,contextual control or sensitivity,extracted_writing_feature,False,redesigned model-entry QA and human approval required,legacy_risk_low_if_prompt_and_page_only,master_inventory_2026_07_18
prompt_title_similarity,contextual control,prompt_page_relevance,bounded_similarity,not_table_related,Input B prompt manifest + Input C page evidence,bounded_similarity,Leakage-safe prompt-title similarity.,general,contextual control or sensitivity,not_started,False,not yet reviewed for Core-General model v1,safe_no_answer,core_general_table_registry_schema_v2
prompt_title_tfidf_similarity,contextual control,prompt_page_relevance,tfidf_overlap_or_composite,source_appearance,Input B prompt manifest + Input C page evidence,"Character 3-5 gram TF-IDF cosine or deterministic keyword match; composite is equal-weight mean of title similarity, page similarity, keyword overlap, area match, and intent match.","Observable prompt-page relevance using prompt and page only, not answer text. Model interpretation: priority_screening_control",cross-topic context,contextual control or sensitivity,extracted_writing_feature,False,redesigned model-entry QA and human approval required,legacy_risk_low_if_prompt_and_page_only,master_inventory_2026_07_18
prompt_url_similarity,contextual control,prompt_page_relevance,bounded_similarity,not_table_related,Input B prompt manifest + Input C page evidence,bounded_similarity,Leakage-safe similarity between prompt and decoded URL tokens.,general,contextual control or sensitivity,not_started,False,not yet reviewed for Core-General model v1,safe_no_answer,core_general_table_registry_schema_v2
language_match_prompt,contextual control,relevance control,binary,not_in_current_dataset,Input C: scraper/page evidence (proposed_writing),prompt and page text,Page language matches prompt language Model interpretation: control,cross-topic context,contextual control or sensitivity,proposed_or_dictionary_only,False,redesigned model-entry QA and human approval required,legacy_risk_requires_validation,master_inventory_2026_07_18
prompt_page_embedding_similarity,contextual control,relevance control,continuous,not_in_current_dataset,Input B prompt manifest + Input C page evidence,prompt and page text,Semantic prompt-page relevance without answer text Model interpretation: control/sensitivity,cross-topic context,contextual control or sensitivity,proposed_or_dictionary_only,False,redesigned model-entry QA and human approval required,legacy_risk_requires_validation,master_inventory_2026_07_18
prompt_page_lexical_similarity,contextual control,relevance control,continuous,not_in_current_dataset,Input B prompt manifest + Input C page evidence,prompt and page text,Prompt-page overlap computed without answer text Model interpretation: control/sensitivity,cross-topic context,contextual control or sensitivity,proposed_or_dictionary_only,False,redesigned model-entry QA and human approval required,legacy_risk_requires_validation,master_inventory_2026_07_18
cited_appearances,contextual control,source_and_domain_aggregation,numeric,url,Input C: scraper/page evidence (actual_dataset_schema),See the producing module; no standalone rule is documented yet.,Pipeline field representing cited appearances. See source-layer and caveat columns before model use. Model interpretation: Pipeline field representing cited appearances. See source-layer and caveat columns before model use.,cross-topic context,contextual control or sensitivity,active_pipeline_field,False,redesigned model-entry QA and human approval required,safe_pre_outcome,master_inventory_2026_07_18
cited_rate,contextual control,source_and_domain_aggregation,numeric_continuous,url,Input C: scraper/page evidence (actual_dataset_schema),See the producing module; no standalone rule is documented yet.,"Rate, share, or ratio measuring cited rate. Model interpretation: Rate, share, or ratio measuring cited rate.",cross-topic context,contextual control or sensitivity,active_pipeline_field,False,redesigned model-entry QA and human approval required,safe_pre_outcome,master_inventory_2026_07_18
domain_source_rows,contextual control,source_and_domain_aggregation,numeric_count,source_appearance,Input C: scraper/page evidence (actual_dataset_schema),See the producing module; no standalone rule is documented yet.,Pipeline field representing domain source rows. See source-layer and caveat columns before model use. Model interpretation: Pipeline field representing domain source rows. See source-layer and caveat columns before model use.,cross-topic context,contextual control or sensitivity,active_pipeline_field,False,redesigned model-entry QA and human approval required,safe_pre_outcome,master_inventory_2026_07_18
domain_unique_urls,contextual control,source_and_domain_aggregation,numeric,source_appearance,Input C: scraper/page evidence (actual_dataset_schema),See the producing module; no standalone rule is documented yet.,Pipeline field representing domain unique urls. See source-layer and caveat columns before model use. Model interpretation: Pipeline field representing domain unique urls. See source-layer and caveat columns before model use.,cross-topic context,contextual control or sensitivity,active_pipeline_field,False,redesigned model-entry QA and human approval required,safe_pre_outcome,master_inventory_2026_07_18
has_source_rows,contextual control,source_and_domain_aggregation,binary,prompt,Input C: scraper/page evidence (actual_dataset_schema),See the producing module; no standalone rule is documented yet.,Binary indicator that the extracted page has source rows. Model interpretation: Binary indicator that the extracted page has source rows.,cross-topic context,contextual control or sensitivity,active_pipeline_field,False,redesigned model-entry QA and human approval required,safe_pre_outcome,master_inventory_2026_07_18
source_appearances,contextual control,source_and_domain_aggregation,numeric,url,Input C: scraper/page evidence (actual_dataset_schema),See the producing module; no standalone rule is documented yet.,Pipeline field representing source appearances. See source-layer and caveat columns before model use. Model interpretation: Pipeline field representing source appearances. See source-layer and caveat columns before model use.,cross-topic context,contextual control or sensitivity,active_pipeline_field,False,redesigned model-entry QA and human approval required,safe_pre_outcome,master_inventory_2026_07_18
url_source_rows,contextual control,source_and_domain_aggregation,numeric_count,source_appearance,Input C: scraper/page evidence (actual_dataset_schema),See the producing module; no standalone rule is documented yet.,Pipeline field representing url source rows. See source-layer and caveat columns before model use. Model interpretation: Pipeline field representing url source rows. See source-layer and caveat columns before model use.,cross-topic context,contextual control or sensitivity,active_pipeline_field,False,redesigned model-entry QA and human approval required,safe_pre_outcome,master_inventory_2026_07_18
page_type_family_general,contextual control,taxonomy,categorical,source_appearance | url,Input A source metadata + Input C page evidence,categorical,Broad final page-function family Model interpretation: Tests robustness to broad page-function adjustment,cross-topic context,contextual control or sensitivity,modeled_current_lpm,False,redesigned model-entry QA and human approval required,legacy_risk_low_or_controlled,current_lpm_legacy
page_type_family_general_collapsed,contextual control,taxonomy,categorical,source_appearance,Input A source metadata + Input C page evidence,categorical,"Broad final page-function family with sparse, unstable, or separating levels combined as rare_other Model interpretation: Use only as a secondary sensitivity alternative",cross-topic context,contextual control or sensitivity,modeled_current_lpm,False,redesigned model-entry QA and human approval required,legacy_risk_low_or_controlled,current_lpm_legacy
page_type_general,contextual control,taxonomy,categorical_or_text,url,Input A source metadata + Input C page evidence,See the producing module; no standalone rule is documented yet.,Rule-based taxonomy field for page type general. Unknown is retained rather than forced into a category. Model interpretation: Rule-based taxonomy field for page type general. Unknown is retained rather than forced into a category.,cross-topic context,contextual control or sensitivity,active_pipeline_field,False,redesigned model-entry QA and human approval required,safe_pre_outcome,master_inventory_2026_07_18
page_type_general_common,contextual control,taxonomy,categorical,source_appearance,Input A source metadata + Input C page evidence,categorical,"FAQ, contact, landing, listing, and other familiar page functions Model interpretation: Useful for sample description and stratified checks",cross-topic context,contextual control or sensitivity,modeled_current_lpm,False,redesigned model-entry QA and human approval required,legacy_risk_low_or_controlled,current_lpm_legacy
page_type_general_confidence,contextual control,taxonomy,categorical_or_text,source_appearance | url,Input A source metadata + Input C page evidence,See the producing module; no standalone rule is documented yet.,Rule-based taxonomy field for page type general confidence. Unknown is retained rather than forced into a category. Model interpretation: Rule-based taxonomy field for page type general confidence. Unknown is retained rather than forced into a category.,cross-topic context,contextual control or sensitivity,active_pipeline_field,False,redesigned model-entry QA and human approval required,safe_pre_outcome,master_inventory_2026_07_18
page_type_general_confidence_high_or_medium,contextual control,taxonomy,binary,source_appearance,Input A source metadata + Input C page evidence,See the producing module; no standalone rule is documented yet.,Rule-based taxonomy field for page type general confidence high or medium. Unknown is retained rather than forced into a category. Model interpretation: Rule-based taxonomy field for page type general confidence high or medium. Unknown is retained rather than forced into a category.,cross-topic context,contextual control or sensitivity,active_pipeline_field,False,redesigned model-entry QA and human approval required,safe_pre_outcome,master_inventory_2026_07_18
page_type_general_reason,contextual control,taxonomy,categorical_or_text,url,Input A source metadata + Input C page evidence,See the producing module; no standalone rule is documented yet.,Rule-based taxonomy field for page type general reason. Unknown is retained rather than forced into a category. Model interpretation: Rule-based taxonomy field for page type general reason. Unknown is retained rather than forced into a category.,cross-topic context,contextual control or sensitivity,active_pipeline_field,False,redesigned model-entry QA and human approval required,safe_pre_outcome,master_inventory_2026_07_18
page_type_url_seed_general,contextual control,taxonomy,categorical,source_appearance | url,Input A source metadata + Input C page evidence,categorical,Page function inferred without scraped body text Model interpretation: Adjusts broad page function while reducing direct reuse of content evidence,cross-topic context,contextual control or sensitivity,modeled_current_lpm,False,redesigned model-entry QA and human approval required,legacy_risk_low_or_controlled,current_lpm_legacy
page_type_url_seed_general_collapsed,contextual control,taxonomy,categorical,source_appearance,Input A source metadata + Input C page evidence,categorical,"URL-seed page function with sparse, unstable, or separating levels combined as rare_other Model interpretation: Candidate FE4 page-type control only after classifier approval",cross-topic context,contextual control or sensitivity,modeled_current_lpm,False,redesigned model-entry QA and human approval required,legacy_risk_low_or_controlled,current_lpm_legacy
site_type_general,contextual control,taxonomy,categorical,source_appearance | url,Input A source metadata + Input C page evidence,categorical,Broad website class Model interpretation: Tests whether content associations persist after broad source-class adjustment,cross-topic context,contextual control or sensitivity,modeled_current_lpm,False,redesigned model-entry QA and human approval required,legacy_risk_low_or_controlled,current_lpm_legacy
site_type_general_collapsed,contextual control,taxonomy,categorical,source_appearance,Input A source metadata + Input C page evidence,categorical,"Broad website class with sparse, unstable, or separating levels combined as rare_other Model interpretation: Preferred site-type sensitivity form if included",cross-topic context,contextual control or sensitivity,modeled_current_lpm,False,redesigned model-entry QA and human approval required,legacy_risk_low_or_controlled,current_lpm_legacy
taxonomy_confidence_high_or_medium,contextual control,taxonomy,binary,source_appearance,Input A source metadata + Input C page evidence,See the producing module; no standalone rule is documented yet.,Rule-based taxonomy field for taxonomy confidence high or medium. Unknown is retained rather than forced into a category. Model interpretation: Rule-based taxonomy field for taxonomy confidence high or medium. Unknown is retained rather than forced into a category.,cross-topic context,contextual control or sensitivity,active_pipeline_field,False,redesigned model-entry QA and human approval required,safe_pre_outcome,master_inventory_2026_07_18
page_type_family_gemini_v1_collapsed,contextual control,taxonomy_control,categorical,not_table_related,Input A source metadata + Input C page evidence,categorical,Collapsed Gemini page-function family. Model interpretation: Candidate FE4 page-type control used jointly with an approved source-type control,general,contextual control or sensitivity,not_started,False,not yet reviewed for Core-General model v1,content_informed_overcontrol_risk,core_general_table_registry_schema_v2
page_type_family_rule_v2_url_seed,contextual control,taxonomy_control,collapsed_categorical,not_table_related,Input A source metadata + Input C page evidence,collapsed_categorical,Broad page family inferred only from URL/title/meta/domain signals.,general,contextual control or sensitivity,not_started,False,not yet reviewed for Core-General model v1,safe_pre_outcome,core_general_table_registry_schema_v2
source_type_general_gemini_v1_collapsed,contextual control,taxonomy_control,categorical,not_table_related,Input A source metadata + Input C page evidence,categorical,Collapsed Gemini source/site type. Model interpretation: Candidate FE4 source-type control used jointly with an approved page-type control,general,contextual control or sensitivity,not_started,False,not yet reviewed for Core-General model v1,content_informed_overcontrol_risk,core_general_table_registry_schema_v2
source_type_general_rule_v2,contextual control,taxonomy_control,collapsed_categorical,not_table_related,Input A source metadata + Input C page evidence,collapsed_categorical,General source/site role inferred without page body.,general,contextual control or sensitivity,not_started,False,not yet reviewed for Core-General model v1,safe_pre_outcome,core_general_table_registry_schema_v2
purchase_or_contact_signal,deprecated,commerce_action,categorical_or_binary,registry_metadata,"Input C: scraper/page evidence (buttons, forms, links and visible text)",categorical_or_binary,"Visible action to buy, book, request, contact or start service.",commerce,deprecated alias; lineage only,not_started,False,deprecated alias; use transactional_action_signal,safe_pre_outcome,core_general_table_registry_schema_v2
product_comparison_signal,deprecated,commerce_comparison,binary_or_score,registry_metadata,Input C: scraper/page evidence (comparison primitives),binary_or_score,"Commercial comparison of products, plans or providers.",commerce,deprecated alias; lineage only,not_started,False,deprecated alias; use commercial_offer_comparison_signal,safe_pre_outcome,core_general_table_registry_schema_v2
has_table,deprecated,table_compatibility,binary_or_count,registry_metadata,Input C: scraper/page evidence (preserved HTML/Markdown table evidence),binary_or_count,Deprecated broad table-presence compatibility field. Model interpretation: Coefficient is the adjusted cited-rate difference for pages with a table,general,deprecated alias; lineage only,not_started,False,deprecated alias; use has_verified_html_table,safe_pre_outcome,core_general_table_registry_schema_v2
has_any_verified_table,deprecated,table_page_aggregate,nullable_binary,registry_metadata,Input C: scraper/page evidence (preserved HTML/Markdown table evidence),nullable_binary,"Page has at least one HTML-verified table, including layout tables.",general,deprecated alias; lineage only,not_started,False,deprecated alias; use has_verified_html_table,safe_pre_outcome,core_general_table_registry_schema_v2
table_column_count,deprecated,table_structure,count_or_bins,registry_metadata,Input C: scraper/page evidence (verified table cells),count_or_bins,Maximum or summarized columns in verified semantic tables.,general,deprecated alias; lineage only,not_started,False,deprecated alias; use table_column_count_max,safe_pre_outcome,core_general_table_registry_schema_v2
table_contains_comparison,deprecated,table_structure,binary,registry_metadata,Input C: scraper/page evidence (headers and table cells),binary,Verified table compares multiple alternatives or attributes.,general,deprecated alias; lineage only,not_started,False,deprecated alias; use table_has_comparison,safe_pre_outcome,core_general_table_registry_schema_v2
table_contains_numeric_facts,deprecated,table_structure,binary,registry_metadata,Input C: scraper/page evidence (table cell text),binary,Verified table contains numeric factual cells.,general,deprecated alias; lineage only,not_started,False,deprecated alias; use table_has_numeric_facts,safe_pre_outcome,core_general_table_registry_schema_v2
table_is_layout_or_navigation,deprecated,table_structure,binary,registry_metadata,Input C: scraper/page evidence (table DOM and context),binary,Table node appears to be layout or navigation rather than content.,general,deprecated alias; lineage only,not_started,False,deprecated alias; use table_has_layout_or_navigation_structure,safe_pre_outcome,core_general_table_registry_schema_v2
table_row_count,deprecated,table_structure,count_or_log2,registry_metadata,Input C: scraper/page evidence (verified table cells),count_or_log2,Rows across verified semantic tables. Model interpretation: candidate_after_eda,general,deprecated alias; lineage only,not_started,False,deprecated alias; use table_row_count_total,safe_pre_outcome,core_general_table_registry_schema_v2
generated_markdown,extraction diagnostic,content_evidence_and_provenance,numeric_continuous,url,Input C: scraper/page evidence (actual_dataset_schema),See the producing module; no standalone rule is documented yet.,Deterministic Markdown generated from archived HTML for human inspection. Model interpretation: Deterministic Markdown generated from archived HTML for human inspection.,requires review,extraction/missingness diagnostic,active_pipeline_field,False,redesigned model-entry QA and human approval required,safe_pre_outcome,master_inventory_2026_07_18
limited_excerpt_only,extraction diagnostic,content_evidence_and_provenance,binary,source_appearance,Input C: scraper/page evidence (actual_dataset_schema),See the producing module; no standalone rule is documented yet.,Pipeline field representing limited excerpt only. See source-layer and caveat columns before model use. Model interpretation: Pipeline field representing limited excerpt only. See source-layer and caveat columns before model use.,cross-topic measurement,extraction/missingness diagnostic,active_pipeline_field,False,redesigned model-entry QA and human approval required,safe_pre_outcome,master_inventory_2026_07_18
markdown_generated,extraction diagnostic,content_evidence_and_provenance,binary,source_appearance | url,Input C: scraper/page evidence (document_structure),Extracted from HTML/DOM or availability.,Pipeline field representing markdown generated. See source-layer and caveat columns before model use. Model interpretation: candidate_or_availability_control,requires review,extraction/missingness diagnostic,extracted_document_feature_not_yet_modeled,False,redesigned model-entry QA and human approval required,safe_pre_outcome,master_inventory_2026_07_18
page_text_preview_3000_chars,extraction diagnostic,content_evidence_and_provenance,text,url,Input C: scraper/page evidence (actual_dataset_schema),See the producing module; no standalone rule is documented yet.,Pipeline field representing page text preview 3000 chars. See source-layer and caveat columns before model use. Model interpretation: Pipeline field representing page text preview 3000 chars. See source-layer and caveat columns before model use.,requires review,extraction/missingness diagnostic,active_pipeline_field,False,redesigned model-entry QA and human approval required,safe_pre_outcome,master_inventory_2026_07_18
snapshot_path,extraction diagnostic,content_evidence_and_provenance,identifier_or_text,url,Input C: scraper/page evidence (actual_dataset_schema),See the producing module; no standalone rule is documented yet.,Filesystem path to the stored snapshot audit artifact. Model interpretation: Filesystem path to the stored snapshot audit artifact.,requires review,extraction/missingness diagnostic,active_pipeline_field,False,redesigned model-entry QA and human approval required,safe_pre_outcome,master_inventory_2026_07_18
text_source_used,extraction diagnostic,content_evidence_and_provenance,text,source_appearance,Input C: scraper/page evidence (actual_dataset_schema),See the producing module; no standalone rule is documented yet.,Pipeline field representing text source used. See source-layer and caveat columns before model use. Model interpretation: Pipeline field representing text source used. See source-layer and caveat columns before model use.,requires review,extraction/missingness diagnostic,active_pipeline_field,False,redesigned model-entry QA and human approval required,safe_pre_outcome,master_inventory_2026_07_18
boilerplate_ratio,extraction diagnostic,extraction_quality,continuous,not_in_current_dataset,Input C: scraper/page evidence (proposed_writing),HTML blocks,Likely navigation/footer text share Model interpretation: quality control,requires review,extraction/missingness diagnostic,proposed_or_dictionary_only,False,redesigned model-entry QA and human approval required,legacy_risk_requires_validation,master_inventory_2026_07_18
content_feature_available,extraction diagnostic,extraction_quality,binary,not_table_related,Input C: scraper/page evidence (scrape/parse/extraction outputs),binary,Content features can be measured for the row/page. Model interpretation: Use in availability analysis; do not treat unavailable content features as zero,general,extraction/missingness diagnostic,not_started,False,not yet reviewed for Core-General model v1,safe_diagnostic,core_general_table_registry_schema_v2
content_strength,extraction diagnostic,extraction_quality,categorical,not_table_related,Input C: scraper/page evidence (content quality primitives),categorical,"Extraction strength, not writing quality. Model interpretation: Controls extraction quality; not a writing-style effect",general,measurement control,not_started,False,not yet reviewed for Core-General model v1,safe_diagnostic,core_general_table_registry_schema_v2
feature_extraction_text_scope,extraction diagnostic,extraction_quality,categorical,not_table_related,Input C: scraper/page evidence (text source provenance),categorical,"Whether features use full text, excerpt, metadata only or no text. Model interpretation: Pipeline field representing feature extraction text scope. See source-layer and caveat columns before model use.",general,extraction/missingness diagnostic,not_started,False,not yet reviewed for Core-General model v1,safe_diagnostic,core_general_table_registry_schema_v2
has_substantial_text,extraction diagnostic,extraction_quality,binary,source_appearance,Input C: scraper/page evidence (actual_dataset_schema),See the producing module; no standalone rule is documented yet.,Binary indicator that the extracted page has substantial text. Model interpretation: Binary indicator that the extracted page has substantial text.,requires review,extraction/missingness diagnostic,active_pipeline_field,False,redesigned model-entry QA and human approval required,safe_pre_outcome,master_inventory_2026_07_18
content_quality_flag,extraction diagnostic,extraction_quality_and_availability,categorical,source_appearance | url,Input C: scraper/page evidence (current_lpm),categorical,"Parse failure, short text, blocked page, boilerplate, or okay Model interpretation: Use for missingness/quality diagnostics or sensitivity controls",cross-topic measurement,extraction/missingness diagnostic,modeled_current_lpm,False,redesigned model-entry QA and human approval required,legacy_risk_low_or_controlled,current_lpm_legacy
document_features_measurable,extraction diagnostic,extraction_quality_and_availability,binary,source_appearance | url,Input C: scraper/page evidence (document_structure),Extracted from HTML/DOM or availability.,Availability indicator for document features. Model interpretation: candidate_or_availability_control,cross-topic measurement,extraction/missingness diagnostic,extracted_document_feature_not_yet_modeled,False,redesigned model-entry QA and human approval required,safe_pre_outcome,master_inventory_2026_07_18
full_page_text_available,extraction diagnostic,extraction_quality_and_availability,binary,source_appearance,Input C: scraper/page evidence (actual_dataset_schema),See the producing module; no standalone rule is documented yet.,Availability indicator for full page text. Model interpretation: Availability indicator for full page text.,cross-topic measurement,extraction/missingness diagnostic,active_pipeline_field,False,redesigned model-entry QA and human approval required,safe_pre_outcome,master_inventory_2026_07_18
html_available,extraction diagnostic,extraction_quality_and_availability,binary,source_appearance | url,Input C: scraper/page evidence (document_structure),Extracted from HTML/DOM or availability.,Availability indicator for html. Model interpretation: candidate_or_availability_control,cross-topic measurement,extraction/missingness diagnostic,extracted_document_feature_not_yet_modeled,False,redesigned model-entry QA and human approval required,safe_pre_outcome,master_inventory_2026_07_18
main_content_available,extraction diagnostic,extraction_quality_and_availability,binary,source_appearance | url,Input C: scraper/page evidence (document_structure),Extracted from HTML/DOM or availability.,Availability indicator for main content. Model interpretation: candidate_or_availability_control,cross-topic measurement,extraction/missingness diagnostic,extracted_document_feature_not_yet_modeled,False,redesigned model-entry QA and human approval required,safe_pre_outcome,master_inventory_2026_07_18
main_content_extraction_method,extraction diagnostic,extraction_quality_and_availability,text_or_provenance,source_appearance | url,Input C: scraper/page evidence (document_structure),Extracted from HTML/DOM.,Pipeline field representing main content extraction method. See source-layer and caveat columns before model use. Model interpretation: diagnostic_only,cross-topic measurement,extraction/missingness diagnostic,extracted_document_feature_not_yet_modeled,False,redesigned model-entry QA and human approval required,safe_pre_outcome,master_inventory_2026_07_18
scrape_error,extraction diagnostic,extraction_quality_and_availability,categorical_or_text,url,Input C: scraper/page evidence (actual_dataset_schema),See the producing module; no standalone rule is documented yet.,Pipeline field representing scrape error. See source-layer and caveat columns before model use. Model interpretation: Pipeline field representing scrape error. See source-layer and caveat columns before model use.,cross-topic measurement,extraction/missingness diagnostic,active_pipeline_field,False,redesigned model-entry QA and human approval required,safe_pre_outcome,master_inventory_2026_07_18
scrape_success,extraction diagnostic,extraction_quality_and_availability,binary,source_appearance | url,Input C: scraper/page evidence (actual_dataset_schema),See the producing module; no standalone rule is documented yet.,Pipeline field representing scrape success. See source-layer and caveat columns before model use. Model interpretation: Pipeline field representing scrape success. See source-layer and caveat columns before model use.,cross-topic measurement,extraction/missingness diagnostic,active_pipeline_field,False,redesigned model-entry QA and human approval required,safe_pre_outcome,master_inventory_2026_07_18
structure_features_available,extraction diagnostic,extraction_quality_and_availability,binary,source_appearance | url,Input C: scraper/page evidence (document_structure),Extracted from HTML/DOM or availability.,Availability indicator for structure features. Model interpretation: candidate_or_availability_control,cross-topic measurement,extraction/missingness diagnostic,extracted_document_feature_not_yet_modeled,False,redesigned model-entry QA and human approval required,safe_pre_outcome,master_inventory_2026_07_18
text_available,extraction diagnostic,extraction_quality_and_availability,binary,source_appearance | url,Input C: scraper/page evidence (document_structure),Extracted from HTML/DOM or availability.,Availability indicator for text. Model interpretation: candidate_or_availability_control,cross-topic measurement,extraction/missingness diagnostic,extracted_document_feature_not_yet_modeled,False,redesigned model-entry QA and human approval required,safe_pre_outcome,master_inventory_2026_07_18
text_feature_available,extraction diagnostic,extraction_quality_and_availability,binary,source_appearance,Input C: scraper/page evidence (actual_dataset_schema),See the producing module; no standalone rule is documented yet.,Availability indicator for text feature. Model interpretation: Availability indicator for text feature.,cross-topic measurement,extraction/missingness diagnostic,active_pipeline_field,False,redesigned model-entry QA and human approval required,safe_pre_outcome,master_inventory_2026_07_18
document_structure_version,extraction diagnostic,feature_versioning,text_or_provenance,source_appearance | url,Input C: scraper/page evidence (document_structure),Extracted from HTML/DOM.,Pipeline field representing document structure version. See source-layer and caveat columns before model use. Model interpretation: diagnostic_only,requires review,extraction/missingness diagnostic,extracted_document_feature_not_yet_modeled,False,redesigned model-entry QA and human approval required,safe_pre_outcome,master_inventory_2026_07_18
audit_scrape_gap_days,extraction diagnostic,freshness,continuous_or_bins,not_table_related,Input C: scraper/page evidence (audit_timestamp and scrape_timestamp),continuous_or_bins,Days between citation audit and content scrape.,general,extraction/missingness diagnostic,not_started,False,not yet reviewed for Core-General model v1,safe_diagnostic,core_general_table_registry_schema_v2
jsonld_parse_error_count,extraction diagnostic,schema_and_metadata,numeric,source_appearance | url,Input C: scraper/page evidence (document_structure),Extracted from HTML/DOM.,Count of jsonld parse error observed in the relevant extracted page representation. Model interpretation: candidate_after_eda,cross-topic measurement,extraction/missingness diagnostic,extracted_document_feature_not_yet_modeled,False,redesigned model-entry QA and human approval required,safe_pre_outcome,master_inventory_2026_07_18
answer_similarity,leakage-prohibited,leakage,none,not_table_related,Input A: AI answer/output (quarantined),none,Any page-answer similarity or overlap measure.,outcome_derived,leakage-prohibited,not_started,False,not yet reviewed for Core-General model v1,forbidden_answer_derived,core_general_table_registry_schema_v2
domain_citation_rate,leakage-prohibited,leakage,none,not_table_related,Input C: scraper/page evidence (cited labels),none,Domain-level citation-rate proxy.,outcome_derived,leakage-prohibited,not_started,False,not yet reviewed for Core-General model v1,forbidden_outcome_derived,core_general_table_registry_schema_v2
source_position_or_observed_rank,leakage-prohibited,leakage,none,not_table_related,Input A: surfaced-source membership/metadata,none,Source position or observed rank in the surfaced output.,outcome_process,leakage-prohibited,not_started,False,not yet reviewed for Core-General model v1,forbidden_main_model,core_general_table_registry_schema_v2
amenity_mention_count,real-estate vertical,amenity_project,dictionary_regex_or_composite,source_appearance,Input C: scraper/page evidence (writing_factual),Bilingual amenity/project/developer phrase counts and an additive log1p composite.,Amenity and project specificity observed in the captured page text. Model interpretation: screening_or_sensitivity,real-estate only,vertical-specific; paused,extracted_writing_feature,False,redesigned model-entry QA and human approval required,safe_pre_outcome,master_inventory_2026_07_18
brand_or_project_entity_count,real-estate vertical,amenity_project,dictionary_regex_or_composite,source_appearance,Input C: scraper/page evidence (writing_factual),Bilingual amenity/project/developer phrase counts and an additive log1p composite.,Amenity and project specificity observed in the captured page text. Model interpretation: screening_or_sensitivity,real-estate only,vertical-specific; paused,extracted_writing_feature,False,redesigned model-entry QA and human approval required,safe_pre_outcome,master_inventory_2026_07_18
developer_mention_count,real-estate vertical,amenity_project,dictionary_regex_or_composite,source_appearance,Input C: scraper/page evidence (writing_factual),Bilingual amenity/project/developer phrase counts and an additive log1p composite.,Amenity and project specificity observed in the captured page text. Model interpretation: screening_or_sensitivity,real-estate only,vertical-specific; paused,extracted_writing_feature,False,redesigned model-entry QA and human approval required,safe_pre_outcome,master_inventory_2026_07_18
facility_mention_count,real-estate vertical,amenity_project,dictionary_regex_or_composite,source_appearance,Input C: scraper/page evidence (writing_factual),Bilingual amenity/project/developer phrase counts and an additive log1p composite.,Amenity and project specificity observed in the captured page text. Model interpretation: screening_or_sensitivity,real-estate only,vertical-specific; paused,extracted_writing_feature,False,redesigned model-entry QA and human approval required,safe_pre_outcome,master_inventory_2026_07_18
gym_mention_count,real-estate vertical,amenity_project,dictionary_regex_or_composite,source_appearance,Input C: scraper/page evidence (writing_factual),Bilingual amenity/project/developer phrase counts and an additive log1p composite.,Amenity and project specificity observed in the captured page text. Model interpretation: screening_or_sensitivity,real-estate only,vertical-specific; paused,extracted_writing_feature,False,redesigned model-entry QA and human approval required,safe_pre_outcome,master_inventory_2026_07_18
has_amenity_detail,real-estate vertical,amenity_project,dictionary_regex_or_composite,source_appearance,Input C: scraper/page evidence (writing_factual),Bilingual amenity/project/developer phrase counts and an additive log1p composite.,Amenity and project specificity observed in the captured page text. Model interpretation: screening_or_sensitivity,real-estate only,vertical-specific; paused,extracted_writing_feature,False,redesigned model-entry QA and human approval required,safe_pre_outcome,master_inventory_2026_07_18
has_project_entity_detail,real-estate vertical,amenity_project,dictionary_regex_or_composite,source_appearance,Input C: scraper/page evidence (writing_factual),Bilingual amenity/project/developer phrase counts and an additive log1p composite.,Amenity and project specificity observed in the captured page text. Model interpretation: screening_or_sensitivity,real-estate only,vertical-specific; paused,extracted_writing_feature,False,redesigned model-entry QA and human approval required,safe_pre_outcome,master_inventory_2026_07_18
parking_mention_count,real-estate vertical,amenity_project,dictionary_regex_or_composite,source_appearance,Input C: scraper/page evidence (writing_factual),Bilingual amenity/project/developer phrase counts and an additive log1p composite.,Amenity and project specificity observed in the captured page text. Model interpretation: screening_or_sensitivity,real-estate only,vertical-specific; paused,extracted_writing_feature,False,redesigned model-entry QA and human approval required,safe_pre_outcome,master_inventory_2026_07_18
pet_friendly_mention_count,real-estate vertical,amenity_project,dictionary_regex_or_composite,source_appearance,Input C: scraper/page evidence (writing_factual),Bilingual amenity/project/developer phrase counts and an additive log1p composite.,Amenity and project specificity observed in the captured page text. Model interpretation: screening_or_sensitivity,real-estate only,vertical-specific; paused,extracted_writing_feature,False,redesigned model-entry QA and human approval required,safe_pre_outcome,master_inventory_2026_07_18
pool_mention_count,real-estate vertical,amenity_project,dictionary_regex_or_composite,source_appearance,Input C: scraper/page evidence (writing_factual),Bilingual amenity/project/developer phrase counts and an additive log1p composite.,Amenity and project specificity observed in the captured page text. Model interpretation: screening_or_sensitivity,real-estate only,vertical-specific; paused,extracted_writing_feature,False,redesigned model-entry QA and human approval required,safe_pre_outcome,master_inventory_2026_07_18
project_name_mention_count,real-estate vertical,amenity_project,dictionary_regex_or_composite,source_appearance,Input C: scraper/page evidence (writing_factual),Bilingual amenity/project/developer phrase counts and an additive log1p composite.,Amenity and project specificity observed in the captured page text. Model interpretation: screening_or_sensitivity,real-estate only,vertical-specific; paused,extracted_writing_feature,False,redesigned model-entry QA and human approval required,safe_pre_outcome,master_inventory_2026_07_18
security_mention_count,real-estate vertical,amenity_project,dictionary_regex_or_composite,source_appearance,Input C: scraper/page evidence (writing_factual),Bilingual amenity/project/developer phrase counts and an additive log1p composite.,Amenity and project specificity observed in the captured page text. Model interpretation: screening_or_sensitivity,real-estate only,vertical-specific; paused,extracted_writing_feature,False,redesigned model-entry QA and human approval required,safe_pre_outcome,master_inventory_2026_07_18
developer_project_entity_count,real-estate vertical,factual specificity,count,not_in_current_dataset,Input C: scraper/page evidence (proposed_writing),NER/dictionary,Named developers and projects Model interpretation: log2 count,real-estate only,vertical-specific; paused,proposed_or_dictionary_only,False,redesigned model-entry QA and human approval required,legacy_risk_requires_validation,master_inventory_2026_07_18
bedroom_mention_count,real-estate vertical,factual_numeric,regex_count_or_composite,source_appearance,Input C: scraper/page evidence (writing_factual),Bilingual deterministic regex counts; factual_numeric_density_score = capped numeric tokens/1000 words + percent/year/range indicators + log1p(measurements); price_unit_detail_score = price/unit indicators + log1p price and unit counts.,Factual and numerical specificity observed in the captured page text. Model interpretation: priority_screening_candidate,real-estate only,vertical-specific; paused,extracted_writing_feature,False,redesigned model-entry QA and human approval required,safe_pre_outcome,master_inventory_2026_07_18
floor_plan_mention_count,real-estate vertical,factual_numeric,regex_count_or_composite,source_appearance,Input C: scraper/page evidence (writing_factual),Bilingual deterministic regex counts; factual_numeric_density_score = capped numeric tokens/1000 words + percent/year/range indicators + log1p(measurements); price_unit_detail_score = price/unit indicators + log1p price and unit counts.,Factual and numerical specificity observed in the captured page text. Model interpretation: priority_screening_candidate,real-estate only,vertical-specific; paused,extracted_writing_feature,False,redesigned model-entry QA and human approval required,safe_pre_outcome,master_inventory_2026_07_18
has_unit_size_detail,real-estate vertical,factual_numeric,regex_count_or_composite,source_appearance,Input C: scraper/page evidence (writing_factual),Bilingual deterministic regex counts; factual_numeric_density_score = capped numeric tokens/1000 words + percent/year/range indicators + log1p(measurements); price_unit_detail_score = price/unit indicators + log1p price and unit counts.,Factual and numerical specificity observed in the captured page text. Model interpretation: priority_screening_candidate,real-estate only,vertical-specific; paused,extracted_writing_feature,False,redesigned model-entry QA and human approval required,safe_pre_outcome,master_inventory_2026_07_18
price_per_sqm_mention_count,real-estate vertical,factual_numeric,regex_count_or_composite,source_appearance,Input C: scraper/page evidence (writing_factual),Bilingual deterministic regex counts; factual_numeric_density_score = capped numeric tokens/1000 words + percent/year/range indicators + log1p(measurements); price_unit_detail_score = price/unit indicators + log1p price and unit counts.,Factual and numerical specificity observed in the captured page text. Model interpretation: priority_screening_candidate,real-estate only,vertical-specific; paused,extracted_writing_feature,False,redesigned model-entry QA and human approval required,safe_pre_outcome,master_inventory_2026_07_18
sqm_mention_count,real-estate vertical,factual_numeric,regex_count_or_composite,source_appearance,Input C: scraper/page evidence (writing_factual),Bilingual deterministic regex counts; factual_numeric_density_score = capped numeric tokens/1000 words + percent/year/range indicators + log1p(measurements); price_unit_detail_score = price/unit indicators + log1p price and unit counts.,Factual and numerical specificity observed in the captured page text. Model interpretation: priority_screening_candidate,real-estate only,vertical-specific; paused,extracted_writing_feature,False,redesigned model-entry QA and human approval required,safe_pre_outcome,master_inventory_2026_07_18
unit_size_mention_count,real-estate vertical,factual_numeric,regex_count_or_composite,source_appearance,Input C: scraper/page evidence (writing_factual),Bilingual deterministic regex counts; factual_numeric_density_score = capped numeric tokens/1000 words + percent/year/range indicators + log1p(measurements); price_unit_detail_score = price/unit indicators + log1p price and unit counts.,Factual and numerical specificity observed in the captured page text. Model interpretation: priority_screening_candidate,real-estate only,vertical-specific; paused,extracted_writing_feature,False,redesigned model-entry QA and human approval required,safe_pre_outcome,master_inventory_2026_07_18
bts_mention_count,real-estate vertical,location_transit,dictionary_regex_or_composite,source_appearance,Input C: scraper/page evidence (writing_factual),"Bilingual transit, distance, walking-time, landmark, and neighborhood counts; composite adds detail indicators and log1p count groups.",Location and transit specificity observed in the captured page text. Model interpretation: priority_screening_candidate,real-estate only,vertical-specific; paused,extracted_writing_feature,False,redesigned model-entry QA and human approval required,safe_pre_outcome,master_inventory_2026_07_18
distance_mention_count,real-estate vertical,location_transit,dictionary_regex_or_composite,source_appearance,Input C: scraper/page evidence (writing_factual),"Bilingual transit, distance, walking-time, landmark, and neighborhood counts; composite adds detail indicators and log1p count groups.",Location and transit specificity observed in the captured page text. Model interpretation: priority_screening_candidate,real-estate only,vertical-specific; paused,extracted_writing_feature,False,redesigned model-entry QA and human approval required,safe_pre_outcome,master_inventory_2026_07_18
has_location_detail,real-estate vertical,location_transit,dictionary_regex_or_composite,source_appearance,Input C: scraper/page evidence (writing_factual),"Bilingual transit, distance, walking-time, landmark, and neighborhood counts; composite adds detail indicators and log1p count groups.",Location and transit specificity observed in the captured page text. Model interpretation: priority_screening_candidate,real-estate only,vertical-specific; paused,extracted_writing_feature,False,redesigned model-entry QA and human approval required,safe_pre_outcome,master_inventory_2026_07_18
has_transit_detail,real-estate vertical,location_transit,dictionary_regex_or_composite,source_appearance,Input C: scraper/page evidence (writing_factual),"Bilingual transit, distance, walking-time, landmark, and neighborhood counts; composite adds detail indicators and log1p count groups.",Location and transit specificity observed in the captured page text. Model interpretation: priority_screening_candidate,real-estate only,vertical-specific; paused,extracted_writing_feature,False,redesigned model-entry QA and human approval required,safe_pre_outcome,master_inventory_2026_07_18
location_landmark_mention_count,real-estate vertical,location_transit,dictionary_regex_or_composite,source_appearance,Input C: scraper/page evidence (writing_factual),"Bilingual transit, distance, walking-time, landmark, and neighborhood counts; composite adds detail indicators and log1p count groups.",Location and transit specificity observed in the captured page text. Model interpretation: priority_screening_candidate,real-estate only,vertical-specific; paused,extracted_writing_feature,False,redesigned model-entry QA and human approval required,safe_pre_outcome,master_inventory_2026_07_18
mrt_mention_count,real-estate vertical,location_transit,dictionary_regex_or_composite,source_appearance,Input C: scraper/page evidence (writing_factual),"Bilingual transit, distance, walking-time, landmark, and neighborhood counts; composite adds detail indicators and log1p count groups.",Location and transit specificity observed in the captured page text. Model interpretation: priority_screening_candidate,real-estate only,vertical-specific; paused,extracted_writing_feature,False,redesigned model-entry QA and human approval required,safe_pre_outcome,master_inventory_2026_07_18
neighborhood_mention_count,real-estate vertical,location_transit,dictionary_regex_or_composite,source_appearance,Input C: scraper/page evidence (writing_factual),"Bilingual transit, distance, walking-time, landmark, and neighborhood counts; composite adds detail indicators and log1p count groups.",Location and transit specificity observed in the captured page text. Model interpretation: priority_screening_candidate,real-estate only,vertical-specific; paused,extracted_writing_feature,False,redesigned model-entry QA and human approval required,safe_pre_outcome,master_inventory_2026_07_18
transit_station_mention_count,real-estate vertical,location_transit,dictionary_regex_or_composite,source_appearance,Input C: scraper/page evidence (writing_factual),"Bilingual transit, distance, walking-time, landmark, and neighborhood counts; composite adds detail indicators and log1p count groups.",Location and transit specificity observed in the captured page text. Model interpretation: priority_screening_candidate,real-estate only,vertical-specific; paused,extracted_writing_feature,False,redesigned model-entry QA and human approval required,safe_pre_outcome,master_inventory_2026_07_18
walking_time_mention_count,real-estate vertical,location_transit,dictionary_regex_or_composite,source_appearance,Input C: scraper/page evidence (writing_factual),"Bilingual transit, distance, walking-time, landmark, and neighborhood counts; composite adds detail indicators and log1p count groups.",Location and transit specificity observed in the captured page text. Model interpretation: priority_screening_candidate,real-estate only,vertical-specific; paused,extracted_writing_feature,False,redesigned model-entry QA and human approval required,safe_pre_outcome,master_inventory_2026_07_18
location_transit_specificity_score,real-estate vertical,real_estate_location,bounded_score,not_table_related,Input C: scraper/page evidence (location/transit dictionary),bounded_score,Transit and location specificity for real estate. Model interpretation: priority_screening_candidate,real_estate,vertical-specific; paused,not_started,False,not yet reviewed for Core-General model v1,safe_but_topic_specific,core_general_table_registry_schema_v2
prompt_area_keyword_match,real-estate vertical,real_estate_location,binary,not_table_related,Input B prompt manifest + Input C page evidence,binary,Prompt-page overlap on predefined condo area names. Model interpretation: priority_screening_control,real_estate_local,vertical-specific; paused,not_started,False,not yet reviewed for Core-General model v1,safe_but_topic_specific,core_general_table_registry_schema_v2
amenity_project_detail_score,real-estate vertical,real_estate_project,bounded_score,not_table_related,Input C: scraper/page evidence (amenity/project dictionary),bounded_score,Amenities and project/developer specificity. Model interpretation: screening_or_sensitivity,real_estate,vertical-specific; paused,not_started,False,not yet reviewed for Core-General model v1,safe_but_topic_specific,core_general_table_registry_schema_v2
vertical_specific_unit_detail_score,real-estate vertical,real_estate_units,bounded_score,not_table_related,"Input C: scraper/page evidence (sqm, bedroom, floor-plan and unit primitives)",bounded_score,Real-estate unit-size and layout detail formerly mixed with price.,real_estate,vertical-specific; paused,not_started,False,not yet reviewed for Core-General model v1,safe_but_topic_specific,core_general_table_registry_schema_v2
real_estate_table_contains_bedroom_mix,real-estate vertical,table_real_estate,binary_or_count,table_level,Input C: scraper/page evidence (table cells and real-estate vertical registry),binary_or_count,"Bedroom, studio, duplex, penthouse, or unit-mix details.",real_estate,vertical-specific; paused,pending_human_threshold,False,table extraction and classification QA not yet passed,safe_but_topic_specific,core_general_table_registry_schema_v2
real_estate_table_contains_floor_plan,real-estate vertical,table_real_estate,binary_or_count,table_level,Input C: scraper/page evidence (table cells and real-estate vertical registry),binary_or_count,Floor-plan or layout details.,real_estate,vertical-specific; paused,pending_human_threshold,False,table extraction and classification QA not yet passed,safe_but_topic_specific,core_general_table_registry_schema_v2
real_estate_table_contains_price_per_area,real-estate vertical,table_real_estate,binary_or_count,table_level,Input C: scraper/page evidence (table cells and real-estate vertical registry),binary_or_count,Price-per-area details using real-estate units.,real_estate,vertical-specific; paused,pending_human_threshold,False,table extraction and classification QA not yet passed,safe_but_topic_specific,core_general_table_registry_schema_v2
real_estate_table_contains_project_inventory,real-estate vertical,table_real_estate,binary_or_count,table_level,Input C: scraper/page evidence (table cells and real-estate vertical registry),binary_or_count,Project-specific unit inventory details.,real_estate,vertical-specific; paused,pending_human_threshold,False,table extraction and classification QA not yet passed,safe_but_topic_specific,core_general_table_registry_schema_v2
real_estate_table_contains_unit_size,real-estate vertical,table_real_estate,binary_or_count,table_level,Input C: scraper/page evidence (table cells and real-estate vertical registry),binary_or_count,Real-estate unit-size details such as sqm or square metres.,real_estate,vertical-specific; paused,pending_human_threshold,False,table extraction and classification QA not yet passed,safe_but_topic_specific,core_general_table_registry_schema_v2
unit_size_row_count,real-estate vertical,table_structure,numeric,source_appearance | url,Input C: scraper/page evidence (document_structure),Extracted from HTML/DOM.,"HTML table rows containing area, bedroom, or unit-size signals. Model interpretation: sensitivity",real-estate only,vertical-specific; paused,extracted_document_feature_not_yet_modeled,False,redesigned model-entry QA and human approval required,safe_pre_outcome,master_inventory_2026_07_18
page_type_family_real_estate,real-estate vertical,taxonomy,categorical_or_text,source_appearance | url,Input C: scraper/page evidence (actual_dataset_schema),See the producing module; no standalone rule is documented yet.,Rule-based taxonomy field for page type family real estate. Unknown is retained rather than forced into a category. Model interpretation: Rule-based taxonomy field for page type family real estate. Unknown is retained rather than forced into a category.,real-estate only,vertical-specific; paused,active_pipeline_field,False,redesigned model-entry QA and human approval required,safe_pre_outcome,master_inventory_2026_07_18
source_type_real_estate,real-estate vertical,taxonomy,categorical_or_text,source_appearance | url,Input C: scraper/page evidence (actual_dataset_schema),See the producing module; no standalone rule is documented yet.,Rule-based taxonomy field for source type real estate. Unknown is retained rather than forced into a category. Model interpretation: Rule-based taxonomy field for source type real estate. Unknown is retained rather than forced into a category.,real-estate only,vertical-specific; paused,active_pipeline_field,False,redesigned model-entry QA and human approval required,safe_pre_outcome,master_inventory_2026_07_18
amenity_term_coverage,real-estate vertical,topical completeness,count or share,not_in_current_dataset,Input C: scraper/page evidence (proposed_writing),page text only,Coverage of common condo amenities Model interpretation: standardized score,real-estate only,vertical-specific; paused,proposed_or_dictionary_only,False,redesigned model-entry QA and human approval required,legacy_risk_requires_validation,master_inventory_2026_07_18
cited,unclassified,outcome,binary,source_appearance,Input A: surfaced-source membership/metadata,binary,"1 if the surfaced source was cited; 0 if more-only Model interpretation: Dependent variable, not a predictor",requires review,outcome only; never a predictor,modeled_current_lpm,False,dependent variable; prohibited as predictor,outcome_only,current_lpm_legacy
